architecture,network_size,training_timesteps,seed,condition,n_eval_episodes,success_rate,violation_rate,avg_activations_per_episode,avg_episode_length
D,[16],10000,10,standard,200,0.015,0.485,2.735,59.47
D,[16],10000,10,override_w0,200,0.015,0.485,2.735,59.47
D,[16],10000,10,override_w1,200,0.025,0.805,1.515,32.75
D,[16],10000,10,override_w2,200,0.03,0.86,1.385,28.81
D,[16],10000,10,override_w4,200,0.03,0.8,1.5,31.97
D,[16],10000,10,override_w8,200,0.02,0.97,1.015,22.265
D,[16],100000,10,standard,200,0.345,0.695,0.73,15.38
D,[16],100000,10,override_w0,200,0.345,0.695,0.73,15.38
D,[16],100000,10,override_w1,200,0.435,0.61,0.61,13.41
D,[16],100000,10,override_w2,200,0.555,0.465,0.49,10.525
D,[16],100000,10,override_w4,200,0.49,0.575,0.575,13.2
D,[16],100000,10,override_w8,200,0.5,0.53,0.545,12.005
D,[16],500000,10,standard,200,0.62,0.405,0.42,8.855
D,[16],500000,10,override_w0,200,0.62,0.405,0.42,8.855
D,[16],500000,10,override_w1,200,0.64,0.385,0.42,8.545
D,[16],500000,10,override_w2,200,0.67,0.355,0.415,8.33
D,[16],500000,10,override_w4,200,0.685,0.385,0.41,8.43
D,[16],500000,10,override_w8,200,0.66,0.39,0.41,8.595
D,[256],10000,10,standard,200,0.04,0.96,0.975,20.59
D,[256],10000,10,override_w0,200,0.04,0.96,0.975,20.59
D,[256],10000,10,override_w1,200,0.06,0.94,1.0,20.85
D,[256],10000,10,override_w2,200,0.06,0.95,0.98,21.435
D,[256],10000,10,override_w4,200,0.105,0.905,0.94,20.405
D,[256],10000,10,override_w8,200,0.115,0.88,0.99,22.515
D,[256],100000,10,standard,200,0.585,0.45,0.48,10.32
D,[256],100000,10,override_w0,200,0.585,0.45,0.48,10.32
D,[256],100000,10,override_w1,200,0.58,0.44,0.47,9.9
D,[256],100000,10,override_w2,200,0.57,0.46,0.495,10.26
D,[256],100000,10,override_w4,200,0.545,0.52,0.54,11.34
D,[256],100000,10,override_w8,200,0.585,0.44,0.48,10.02
D,[256],500000,10,standard,200,0.675,0.37,0.415,8.54
D,[256],500000,10,override_w0,200,0.675,0.37,0.415,8.54
D,[256],500000,10,override_w1,200,0.655,0.37,0.41,8.42
D,[256],500000,10,override_w2,200,0.665,0.405,0.445,9.165
D,[256],500000,10,override_w4,200,0.665,0.385,0.41,8.545
D,[256],500000,10,override_w8,200,0.66,0.38,0.42,8.47
D,[2048],10000,10,standard,200,0.04,0.96,0.965,20.82
D,[2048],10000,10,override_w0,200,0.04,0.96,0.965,20.82
D,[2048],10000,10,override_w1,200,0.125,0.88,0.885,19.175
D,[2048],10000,10,override_w2,200,0.065,0.925,1.005,21.695
D,[2048],10000,10,override_w4,200,0.19,0.73,1.105,23.76
D,[2048],10000,10,override_w8,200,0.135,0.86,1.04,22.145
D,[2048],100000,10,standard,200,0.555,0.47,0.485,10.585
D,[2048],100000,10,override_w0,200,0.555,0.47,0.485,10.585
D,[2048],100000,10,override_w1,200,0.48,0.615,0.63,13.42
D,[2048],100000,10,override_w2,200,0.485,0.77,0.795,16.51
D,[2048],100000,10,override_w4,200,0.55,0.46,0.475,10.455
D,[2048],100000,10,override_w8,200,0.4,0.62,0.63,13.305
D,[2048],500000,10,standard,200,0.5,0.505,0.525,11.56
D,[2048],500000,10,override_w0,200,0.5,0.505,0.525,11.56
D,[2048],500000,10,override_w1,200,0.685,0.36,0.415,8.39
D,[2048],500000,10,override_w2,200,0.67,0.4,0.42,8.665
D,[2048],500000,10,override_w4,200,0.68,0.4,0.415,8.63
D,[2048],500000,10,override_w8,200,0.68,0.605,0.615,13.48
D,[16],10000,11,standard,200,0.01,0.66,2.055,45.875
D,[16],10000,11,override_w0,200,0.01,0.66,2.055,45.875
D,[16],10000,11,override_w1,200,0.02,0.71,1.855,40.235
D,[16],10000,11,override_w2,200,0.025,0.98,1.03,22.22
D,[16],10000,11,override_w4,200,0.035,0.96,1.065,22.485
D,[16],10000,11,override_w8,200,0.03,0.91,1.295,27.7
D,[16],100000,11,standard,200,0.405,0.68,0.695,15.095
D,[16],100000,11,override_w0,200,0.405,0.68,0.695,15.095
D,[16],100000,11,override_w1,200,0.48,0.595,0.615,12.96
D,[16],100000,11,override_w2,200,0.47,0.57,0.585,12.83
D,[16],100000,11,override_w4,200,0.41,0.6,0.605,12.85
D,[16],100000,11,override_w8,200,0.485,0.565,0.575,11.57
D,[16],500000,11,standard,200,0.61,0.42,0.43,9.03
D,[16],500000,11,override_w0,200,0.61,0.42,0.43,9.03
D,[16],500000,11,override_w1,200,0.63,0.41,0.43,8.92
D,[16],500000,11,override_w2,200,0.665,0.395,0.425,8.565
D,[16],500000,11,override_w4,200,0.655,0.395,0.425,8.57
D,[16],500000,11,override_w8,200,0.685,0.365,0.42,8.485
D,[256],10000,11,standard,200,0.065,0.855,1.245,26.725
D,[256],10000,11,override_w0,200,0.065,0.855,1.245,26.725
D,[256],10000,11,override_w1,200,0.09,0.755,1.315,28.71
D,[256],10000,11,override_w2,200,0.135,0.89,0.895,18.945
D,[256],10000,11,override_w4,200,0.075,0.935,0.95,20.19
D,[256],10000,11,override_w8,200,0.105,0.91,0.93,19.0
D,[256],100000,11,standard,200,0.58,0.45,0.475,9.71
D,[256],100000,11,override_w0,200,0.58,0.45,0.475,9.71
D,[256],100000,11,override_w1,200,0.46,0.56,0.595,12.595
D,[256],100000,11,override_w2,200,0.64,0.4,0.445,8.93
D,[256],100000,11,override_w4,200,0.615,0.465,0.48,10.1
D,[256],100000,11,override_w8,200,0.55,0.525,0.53,11.335
D,[256],500000,11,standard,200,0.63,0.39,0.425,8.49
D,[256],500000,11,override_w0,200,0.63,0.39,0.425,8.49
D,[256],500000,11,override_w1,200,0.645,0.39,0.415,8.48
D,[256],500000,11,override_w2,200,0.655,0.38,0.42,8.51
D,[256],500000,11,override_w4,200,0.67,0.395,0.41,8.5
D,[256],500000,11,override_w8,200,0.665,0.39,0.43,8.495
D,[2048],10000,11,standard,200,0.03,0.815,1.425,30.39
D,[2048],10000,11,override_w0,200,0.03,0.815,1.425,30.39
D,[2048],10000,11,override_w1,200,0.06,0.94,0.98,20.405
D,[2048],10000,11,override_w2,200,0.08,0.92,0.93,19.53
D,[2048],10000,11,override_w4,200,0.125,0.88,0.9,18.01
D,[2048],10000,11,override_w8,200,0.115,0.9,0.91,19.075
D,[2048],100000,11,standard,200,0.515,0.515,0.535,11.815
D,[2048],100000,11,override_w0,200,0.515,0.515,0.535,11.815
D,[2048],100000,11,override_w1,200,0.51,0.62,0.645,13.385
D,[2048],100000,11,override_w2,200,0.38,0.63,0.64,14.11
D,[2048],100000,11,override_w4,200,0.435,0.585,0.605,13.07
D,[2048],100000,11,override_w8,200,0.475,0.555,0.585,12.06
D,[2048],500000,11,standard,200,0.675,0.5,0.515,11.07
D,[2048],500000,11,override_w0,200,0.675,0.5,0.515,11.07
D,[2048],500000,11,override_w1,200,0.57,0.39,0.77,16.585
D,[2048],500000,11,override_w2,200,0.62,0.47,0.51,10.615
D,[2048],500000,11,override_w4,200,0.585,0.435,0.46,9.035
D,[2048],500000,11,override_w8,200,0.61,0.405,0.445,8.91
D,[16],10000,12,standard,200,0.01,0.985,0.985,21.1
D,[16],10000,12,override_w0,200,0.01,0.985,0.985,21.1
D,[16],10000,12,override_w1,200,0.02,0.755,1.695,38.47
D,[16],10000,12,override_w2,200,0.04,0.795,1.44,33.125
D,[16],10000,12,override_w4,200,0.035,0.805,1.45,32.505
D,[16],10000,12,override_w8,200,0.03,0.965,1.195,25.915
D,[16],100000,12,standard,200,0.22,0.795,0.805,16.895
D,[16],100000,12,override_w0,200,0.22,0.795,0.805,16.895
D,[16],100000,12,override_w1,200,0.405,0.635,0.67,13.755
D,[16],100000,12,override_w2,200,0.36,0.645,0.66,14.25
D,[16],100000,12,override_w4,200,0.45,0.61,0.635,13.925
D,[16],100000,12,override_w8,200,0.505,0.565,0.59,12.645
D,[16],500000,12,standard,200,0.62,0.4,0.425,8.74
D,[16],500000,12,override_w0,200,0.62,0.4,0.425,8.74
D,[16],500000,12,override_w1,200,0.65,0.4,0.425,8.585
D,[16],500000,12,override_w2,200,0.65,0.4,0.44,9.235
D,[16],500000,12,override_w4,200,0.665,0.39,0.42,8.525
D,[16],500000,12,override_w8,200,0.645,0.395,0.435,8.64
D,[256],10000,12,standard,200,0.03,0.97,0.975,20.555
D,[256],10000,12,override_w0,200,0.03,0.97,0.975,20.555
D,[256],10000,12,override_w1,200,0.045,0.85,1.26,26.985
D,[256],10000,12,override_w2,200,0.06,0.945,0.96,19.96
D,[256],10000,12,override_w4,200,0.105,0.915,1.02,20.6
D,[256],10000,12,override_w8,200,0.1,0.905,0.93,18.965
D,[256],100000,12,standard,200,0.485,0.525,0.54,11.29
D,[256],100000,12,override_w0,200,0.485,0.525,0.54,11.29
D,[256],100000,12,override_w1,200,0.55,0.495,0.515,10.925
D,[256],100000,12,override_w2,200,0.555,0.47,0.49,10.2
D,[256],100000,12,override_w4,200,0.605,0.425,0.455,9.505
D,[256],100000,12,override_w8,200,0.57,0.455,0.48,9.68
D,[256],500000,12,standard,200,0.645,0.41,0.455,9.135
D,[256],500000,12,override_w0,200,0.645,0.41,0.455,9.135
D,[256],500000,12,override_w1,200,0.655,0.39,0.425,8.49
D,[256],500000,12,override_w2,200,0.67,0.38,0.41,8.38
D,[256],500000,12,override_w4,200,0.66,0.385,0.415,8.48
D,[256],500000,12,override_w8,200,0.655,0.385,0.42,8.465
D,[2048],10000,12,standard,200,0.065,0.93,1.01,20.805
D,[2048],10000,12,override_w0,200,0.065,0.93,1.01,20.805
D,[2048],10000,12,override_w1,200,0.05,0.96,0.985,20.66
D,[2048],10000,12,override_w2,200,0.075,0.93,0.99,21.31
D,[2048],10000,12,override_w4,200,0.1,0.9,0.915,18.715
D,[2048],10000,12,override_w8,200,0.11,0.91,0.925,19.22
D,[2048],100000,12,standard,200,0.58,0.46,0.475,9.855
D,[2048],100000,12,override_w0,200,0.58,0.46,0.475,9.855
D,[2048],100000,12,override_w1,200,0.49,0.56,0.585,12.22
D,[2048],100000,12,override_w2,200,0.61,0.455,0.47,9.745
D,[2048],100000,12,override_w4,200,0.555,0.465,0.5,10.85
D,[2048],100000,12,override_w8,200,0.415,0.595,0.6,12.735
D,[2048],500000,12,standard,200,0.615,0.405,0.44,8.605
D,[2048],500000,12,override_w0,200,0.615,0.405,0.44,8.605
D,[2048],500000,12,override_w1,200,0.67,0.43,0.45,9.055
D,[2048],500000,12,override_w2,200,0.68,0.39,0.425,8.46
D,[2048],500000,12,override_w4,200,0.67,0.39,0.425,8.595
D,[2048],500000,12,override_w8,200,0.605,0.46,0.48,9.865
D,[16],10000,13,standard,200,0.02,0.895,1.2,26.23
D,[16],10000,13,override_w0,200,0.02,0.895,1.2,26.23
D,[16],10000,13,override_w1,200,0.015,0.8,1.585,34.53
D,[16],10000,13,override_w2,200,0.015,0.79,1.595,34.28
D,[16],10000,13,override_w4,200,0.03,0.84,1.29,28.135
D,[16],10000,13,override_w8,200,0.035,0.96,1.095,24.315
D,[16],100000,13,standard,200,0.29,0.755,0.785,17.175
D,[16],100000,13,override_w0,200,0.29,0.755,0.785,17.175
D,[16],100000,13,override_w1,200,0.35,0.69,0.705,14.295
D,[16],100000,13,override_w2,200,0.5,0.515,0.54,11.615
D,[16],100000,13,override_w4,200,0.53,0.515,0.535,11.915
D,[16],100000,13,override_w8,200,0.35,0.65,0.66,13.74
D,[16],500000,13,standard,200,0.65,0.41,0.425,9.0
D,[16],500000,13,override_w0,200,0.65,0.41,0.425,9.0
D,[16],500000,13,override_w1,200,0.665,0.4,0.425,8.775
D,[16],500000,13,override_w2,200,0.645,0.38,0.415,8.66
D,[16],500000,13,override_w4,200,0.675,0.375,0.415,8.555
D,[16],500000,13,override_w8,200,0.67,0.375,0.42,8.655
D,[256],10000,13,standard,200,0.015,0.895,1.34,29.755
D,[256],10000,13,override_w0,200,0.015,0.895,1.34,29.755
D,[256],10000,13,override_w1,200,0.045,0.95,0.98,20.855
D,[256],10000,13,override_w2,200,0.065,0.775,1.33,30.65
D,[256],10000,13,override_w4,200,0.145,0.89,0.895,18.945
D,[256],10000,13,override_w8,200,0.14,0.855,0.985,20.77
D,[256],100000,13,standard,200,0.55,0.53,0.545,12.085
D,[256],100000,13,override_w0,200,0.55,0.53,0.545,12.085
D,[256],100000,13,override_w1,200,0.595,0.455,0.475,10.325
D,[256],100000,13,override_w2,200,0.62,0.5,0.535,10.47
D,[256],100000,13,override_w4,200,0.65,0.475,0.51,10.29
D,[256],100000,13,override_w8,200,0.59,0.44,0.45,9.715
D,[256],500000,13,standard,200,0.65,0.51,0.52,10.86
D,[256],500000,13,override_w0,200,0.65,0.51,0.52,10.86
D,[256],500000,13,override_w1,200,0.655,0.385,0.415,8.435
D,[256],500000,13,override_w2,200,0.665,0.36,0.405,8.4
D,[256],500000,13,override_w4,200,0.67,0.365,0.42,8.555
D,[256],500000,13,override_w8,200,0.635,0.445,0.465,10.125
D,[2048],10000,13,standard,200,0.045,0.95,0.95,20.425
D,[2048],10000,13,override_w0,200,0.045,0.95,0.95,20.425
D,[2048],10000,13,override_w1,200,0.055,0.955,0.955,20.01
D,[2048],10000,13,override_w2,200,0.09,0.915,0.925,19.59
D,[2048],10000,13,override_w4,200,0.115,0.885,0.95,20.115
D,[2048],10000,13,override_w8,200,0.125,0.885,0.9,18.905
D,[2048],100000,13,standard,200,0.565,0.47,0.49,10.225
D,[2048],100000,13,override_w0,200,0.565,0.47,0.49,10.225
D,[2048],100000,13,override_w1,200,0.57,0.445,0.465,9.685
D,[2048],100000,13,override_w2,200,0.595,0.42,0.44,9.34
D,[2048],100000,13,override_w4,200,0.585,0.425,0.455,9.61
D,[2048],100000,13,override_w8,200,0.495,0.53,0.54,11.99
D,[2048],500000,13,standard,200,0.655,0.385,0.41,8.505
D,[2048],500000,13,override_w0,200,0.655,0.385,0.41,8.505
D,[2048],500000,13,override_w1,200,0.68,0.355,0.405,8.335
D,[2048],500000,13,override_w2,200,0.655,0.455,0.465,9.5
D,[2048],500000,13,override_w4,200,0.64,0.375,0.425,8.58
D,[2048],500000,13,override_w8,200,0.67,0.375,0.42,8.545
D,[16],10000,14,standard,200,0.0,0.99,1.055,22.31
D,[16],10000,14,override_w0,200,0.0,0.99,1.055,22.31
D,[16],10000,14,override_w1,200,0.03,0.49,2.62,56.295
D,[16],10000,14,override_w2,200,0.02,0.735,1.735,37.995
D,[16],10000,14,override_w4,200,0.02,0.94,1.125,24.455
D,[16],10000,14,override_w8,200,0.02,0.975,0.975,20.725
D,[16],100000,14,standard,200,0.205,0.79,0.835,18.65
D,[16],100000,14,override_w0,200,0.205,0.79,0.835,18.65
D,[16],100000,14,override_w1,200,0.405,0.61,0.625,13.75
D,[16],100000,14,override_w2,200,0.51,0.515,0.56,11.895
D,[16],100000,14,override_w4,200,0.51,0.54,0.56,12.3
D,[16],100000,14,override_w8,200,0.545,0.505,0.52,11.145
D,[16],500000,14,standard,200,0.665,0.395,0.415,8.6
D,[16],500000,14,override_w0,200,0.665,0.395,0.415,8.6
D,[16],500000,14,override_w1,200,0.65,0.395,0.43,8.81
D,[16],500000,14,override_w2,200,0.675,0.4,0.42,8.69
D,[16],500000,14,override_w4,200,0.655,0.405,0.415,8.675
D,[16],500000,14,override_w8,200,0.67,0.39,0.42,8.625
D,[256],10000,14,standard,200,0.03,0.97,1.015,21.34
D,[256],10000,14,override_w0,200,0.03,0.97,1.015,21.34
D,[256],10000,14,override_w1,200,0.035,0.96,0.96,20.615
D,[256],10000,14,override_w2,200,0.06,0.835,1.215,27.095
D,[256],10000,14,override_w4,200,0.1,0.905,0.955,20.955
D,[256],10000,14,override_w8,200,0.065,0.94,0.985,20.95
D,[256],100000,14,standard,200,0.595,0.44,0.475,9.625
D,[256],100000,14,override_w0,200,0.595,0.44,0.475,9.625
D,[256],100000,14,override_w1,200,0.61,0.42,0.455,9.375
D,[256],100000,14,override_w2,200,0.635,0.405,0.44,9.13
D,[256],100000,14,override_w4,200,0.585,0.445,0.455,9.5
D,[256],100000,14,override_w8,200,0.565,0.45,0.465,9.71
D,[256],500000,14,standard,200,0.65,0.385,0.43,8.755
D,[256],500000,14,override_w0,200,0.65,0.385,0.43,8.755
D,[256],500000,14,override_w1,200,0.68,0.375,0.41,8.47
D,[256],500000,14,override_w2,200,0.665,0.395,0.42,8.775
D,[256],500000,14,override_w4,200,0.695,0.38,0.41,8.38
D,[256],500000,14,override_w8,200,0.65,0.385,0.41,8.585
D,[2048],10000,14,standard,200,0.065,0.925,1.045,22.69
D,[2048],10000,14,override_w0,200,0.065,0.925,1.045,22.69
D,[2048],10000,14,override_w1,200,0.125,0.87,0.985,21.17
D,[2048],10000,14,override_w2,200,0.065,0.93,0.94,20.54
D,[2048],10000,14,override_w4,200,0.145,0.89,0.895,18.445
D,[2048],10000,14,override_w8,200,0.065,0.925,1.065,23.105
D,[2048],100000,14,standard,200,0.615,0.435,0.46,9.59
D,[2048],100000,14,override_w0,200,0.615,0.435,0.46,9.59
D,[2048],100000,14,override_w1,200,0.615,0.46,0.475,10.14
D,[2048],100000,14,override_w2,200,0.61,0.465,0.485,10.855
D,[2048],100000,14,override_w4,200,0.505,0.56,0.585,12.21
D,[2048],100000,14,override_w8,200,0.495,0.6,0.62,13.025
D,[2048],500000,14,standard,200,0.645,0.395,0.425,8.675
D,[2048],500000,14,override_w0,200,0.645,0.395,0.425,8.675
D,[2048],500000,14,override_w1,200,0.67,0.38,0.41,8.46
D,[2048],500000,14,override_w2,200,0.665,0.355,0.415,8.345
D,[2048],500000,14,override_w4,200,0.66,0.41,0.44,9.025
D,[2048],500000,14,override_w8,200,0.69,0.55,0.57,11.97
D,[16],10000,15,standard,200,0.015,0.935,1.17,24.7
D,[16],10000,15,override_w0,200,0.015,0.935,1.17,24.7
D,[16],10000,15,override_w1,200,0.04,0.9,1.285,29.13
D,[16],10000,15,override_w2,200,0.02,0.86,1.395,29.245
D,[16],10000,15,override_w4,200,0.02,0.975,1.025,22.515
D,[16],10000,15,override_w8,200,0.025,0.965,1.035,23.05
D,[16],100000,15,standard,200,0.345,0.705,0.715,14.915
D,[16],100000,15,override_w0,200,0.345,0.705,0.715,14.915
D,[16],100000,15,override_w1,200,0.395,0.645,0.65,14.035
D,[16],100000,15,override_w2,200,0.525,0.505,0.515,11.095
D,[16],100000,15,override_w4,200,0.48,0.545,0.595,12.27
D,[16],100000,15,override_w8,200,0.48,0.54,0.565,11.59
D,[16],500000,15,standard,200,0.63,0.4,0.435,8.77
D,[16],500000,15,override_w0,200,0.63,0.4,0.435,8.77
D,[16],500000,15,override_w1,200,0.67,0.39,0.415,8.44
D,[16],500000,15,override_w2,200,0.65,0.39,0.425,8.5
D,[16],500000,15,override_w4,200,0.655,0.385,0.425,8.385
D,[16],500000,15,override_w8,200,0.66,0.39,0.425,8.54
D,[256],10000,15,standard,200,0.03,0.885,1.42,30.685
D,[256],10000,15,override_w0,200,0.03,0.885,1.42,30.685
D,[256],10000,15,override_w1,200,0.085,0.9,1.035,21.66
D,[256],10000,15,override_w2,200,0.075,0.935,0.985,20.41
D,[256],10000,15,override_w4,200,0.09,0.81,1.165,24.525
D,[256],10000,15,override_w8,200,0.1,0.805,1.155,25.39
D,[256],100000,15,standard,200,0.54,0.475,0.495,10.29
D,[256],100000,15,override_w0,200,0.54,0.475,0.495,10.29
D,[256],100000,15,override_w1,200,0.59,0.44,0.465,9.51
D,[256],100000,15,override_w2,200,0.605,0.425,0.455,9.425
D,[256],100000,15,override_w4,200,0.63,0.41,0.455,9.015
D,[256],100000,15,override_w8,200,0.63,0.43,0.455,9.335
D,[256],500000,15,standard,200,0.67,0.385,0.425,8.445
D,[256],500000,15,override_w0,200,0.67,0.385,0.425,8.445
D,[256],500000,15,override_w1,200,0.65,0.37,0.42,8.41
D,[256],500000,15,override_w2,200,0.685,0.375,0.42,8.31
D,[256],500000,15,override_w4,200,0.655,0.42,0.435,9.135
D,[256],500000,15,override_w8,200,0.675,0.385,0.42,8.42
D,[2048],10000,15,standard,200,0.055,0.815,1.33,28.635
D,[2048],10000,15,override_w0,200,0.055,0.815,1.33,28.635
D,[2048],10000,15,override_w1,200,0.055,0.94,0.945,19.78
D,[2048],10000,15,override_w2,200,0.075,0.805,1.3,28.05
D,[2048],10000,15,override_w4,200,0.07,0.825,1.235,26.95
D,[2048],10000,15,override_w8,200,0.035,0.965,0.965,20.34
D,[2048],100000,15,standard,200,0.525,0.5,0.52,10.385
D,[2048],100000,15,override_w0,200,0.525,0.5,0.52,10.385
D,[2048],100000,15,override_w1,200,0.575,0.575,0.59,12.455
D,[2048],100000,15,override_w2,200,0.535,0.495,0.51,10.48
D,[2048],100000,15,override_w4,200,0.555,0.455,0.465,9.5
D,[2048],100000,15,override_w8,200,0.615,0.435,0.46,9.725
D,[2048],500000,15,standard,200,0.68,0.39,0.425,8.47
D,[2048],500000,15,override_w0,200,0.68,0.39,0.425,8.47
D,[2048],500000,15,override_w1,200,0.645,0.395,0.425,8.615
D,[2048],500000,15,override_w2,200,0.66,0.375,0.42,8.555
D,[2048],500000,15,override_w4,200,0.69,0.38,0.425,8.39
D,[2048],500000,15,override_w8,200,0.62,0.415,0.435,8.815
D,[16],10000,16,standard,200,0.035,0.42,2.89,63.71
D,[16],10000,16,override_w0,200,0.035,0.42,2.89,63.71
D,[16],10000,16,override_w1,200,0.01,0.815,1.625,35.14
D,[16],10000,16,override_w2,200,0.025,0.935,1.2,26.345
D,[16],10000,16,override_w4,200,0.025,0.9,1.265,26.825
D,[16],10000,16,override_w8,200,0.055,0.92,1.14,25.17
D,[16],100000,16,standard,200,0.375,0.685,0.7,14.955
D,[16],100000,16,override_w0,200,0.375,0.685,0.7,14.955
D,[16],100000,16,override_w1,200,0.46,0.545,0.575,12.585
D,[16],100000,16,override_w2,200,0.51,0.54,0.545,12.28
D,[16],100000,16,override_w4,200,0.465,0.555,0.57,12.435
D,[16],100000,16,override_w8,200,0.505,0.555,0.565,11.915
D,[16],500000,16,standard,200,0.66,0.405,0.425,8.685
D,[16],500000,16,override_w0,200,0.66,0.405,0.425,8.685
D,[16],500000,16,override_w1,200,0.645,0.405,0.44,8.9
D,[16],500000,16,override_w2,200,0.665,0.395,0.415,8.58
D,[16],500000,16,override_w4,200,0.645,0.395,0.44,8.66
D,[16],500000,16,override_w8,200,0.66,0.41,0.43,8.665
D,[256],10000,16,standard,200,0.025,0.975,0.975,20.89
D,[256],10000,16,override_w0,200,0.025,0.975,0.975,20.89
D,[256],10000,16,override_w1,200,0.025,0.97,0.975,20.32
D,[256],10000,16,override_w2,200,0.055,0.95,0.95,20.085
D,[256],10000,16,override_w4,200,0.06,0.935,0.955,20.63
D,[256],10000,16,override_w8,200,0.07,0.93,0.94,19.51
D,[256],100000,16,standard,200,0.54,0.48,0.5,10.81
D,[256],100000,16,override_w0,200,0.54,0.48,0.5,10.81
D,[256],100000,16,override_w1,200,0.57,0.59,0.6,13.125
D,[256],100000,16,override_w2,200,0.595,0.435,0.46,9.36
D,[256],100000,16,override_w4,200,0.615,0.43,0.445,9.28
D,[256],100000,16,override_w8,200,0.56,0.495,0.515,10.15
D,[256],500000,16,standard,200,0.625,0.395,0.43,8.75
D,[256],500000,16,override_w0,200,0.625,0.395,0.43,8.75
D,[256],500000,16,override_w1,200,0.655,0.465,0.485,9.795
D,[256],500000,16,override_w2,200,0.655,0.4,0.43,8.58
D,[256],500000,16,override_w4,200,0.66,0.385,0.425,8.535
D,[256],500000,16,override_w8,200,0.645,0.385,0.42,8.385
D,[2048],10000,16,standard,200,0.02,0.975,1.005,21.32
D,[2048],10000,16,override_w0,200,0.02,0.975,1.005,21.32
D,[2048],10000,16,override_w1,200,0.095,0.78,1.235,27.505
D,[2048],10000,16,override_w2,200,0.095,0.915,0.955,20.37
D,[2048],10000,16,override_w4,200,0.065,0.935,0.96,20.445
D,[2048],10000,16,override_w8,200,0.06,0.915,1.085,23.785
D,[2048],100000,16,standard,200,0.455,0.58,0.61,12.42
D,[2048],100000,16,override_w0,200,0.455,0.58,0.61,12.42
D,[2048],100000,16,override_w1,200,0.555,0.47,0.48,10.11
D,[2048],100000,16,override_w2,200,0.53,0.495,0.525,11.635
D,[2048],100000,16,override_w4,200,0.505,0.52,0.52,11.56
D,[2048],100000,16,override_w8,200,0.475,0.55,0.58,11.52
D,[2048],500000,16,standard,200,0.665,0.5,0.54,11.43
D,[2048],500000,16,override_w0,200,0.665,0.5,0.54,11.43
D,[2048],500000,16,override_w1,200,0.65,0.4,0.42,8.56
D,[2048],500000,16,override_w2,200,0.6,0.425,0.46,9.305
D,[2048],500000,16,override_w4,200,0.605,0.435,0.44,9.255
D,[2048],500000,16,override_w8,200,0.615,0.415,0.445,8.745
D,[16],10000,17,standard,200,0.03,0.825,1.325,29.8
D,[16],10000,17,override_w0,200,0.03,0.825,1.325,29.8
D,[16],10000,17,override_w1,200,0.015,0.585,2.205,49.615
D,[16],10000,17,override_w2,200,0.015,0.88,1.325,29.03
D,[16],10000,17,override_w4,200,0.03,0.755,1.615,35.17
D,[16],10000,17,override_w8,200,0.025,0.765,1.58,34.09
D,[16],100000,17,standard,200,0.32,0.74,0.75,16.395
D,[16],100000,17,override_w0,200,0.32,0.74,0.75,16.395
D,[16],100000,17,override_w1,200,0.46,0.565,0.59,12.3
D,[16],100000,17,override_w2,200,0.44,0.575,0.59,12.215
D,[16],100000,17,override_w4,200,0.505,0.515,0.535,11.24
D,[16],100000,17,override_w8,200,0.51,0.565,0.595,12.145
D,[16],500000,17,standard,200,0.64,0.395,0.425,8.63
D,[16],500000,17,override_w0,200,0.64,0.395,0.425,8.63
D,[16],500000,17,override_w1,200,0.665,0.39,0.425,8.58
D,[16],500000,17,override_w2,200,0.645,0.405,0.425,8.73
D,[16],500000,17,override_w4,200,0.675,0.38,0.43,8.635
D,[16],500000,17,override_w8,200,0.675,0.39,0.435,8.795
D,[256],10000,17,standard,200,0.02,0.98,0.985,20.62
D,[256],10000,17,override_w0,200,0.02,0.98,0.985,20.62
D,[256],10000,17,override_w1,200,0.065,0.94,0.985,20.825
D,[256],10000,17,override_w2,200,0.08,0.92,0.935,20.085
D,[256],10000,17,override_w4,200,0.065,0.935,0.945,19.82
D,[256],10000,17,override_w8,200,0.12,0.89,0.9,19.445
D,[256],100000,17,standard,200,0.565,0.455,0.475,9.89
D,[256],100000,17,override_w0,200,0.565,0.455,0.475,9.89
D,[256],100000,17,override_w1,200,0.625,0.44,0.475,9.78
D,[256],100000,17,override_w2,200,0.615,0.43,0.455,9.265
D,[256],100000,17,override_w4,200,0.595,0.42,0.455,9.295
D,[256],100000,17,override_w8,200,0.61,0.445,0.485,9.55
D,[256],500000,17,standard,200,0.66,0.385,0.425,8.515
D,[256],500000,17,override_w0,200,0.66,0.385,0.425,8.515
D,[256],500000,17,override_w1,200,0.665,0.385,0.43,8.815
D,[256],500000,17,override_w2,200,0.66,0.42,0.455,8.935
D,[256],500000,17,override_w4,200,0.685,0.365,0.42,8.485
D,[256],500000,17,override_w8,200,0.64,0.375,0.54,11.005
D,[2048],10000,17,standard,200,0.035,0.945,1.125,24.065
D,[2048],10000,17,override_w0,200,0.035,0.945,1.125,24.065
D,[2048],10000,17,override_w1,200,0.05,0.91,1.27,26.895
D,[2048],10000,17,override_w2,200,0.075,0.935,0.94,20.05
D,[2048],10000,17,override_w4,200,0.11,0.8,1.21,25.7
D,[2048],10000,17,override_w8,200,0.135,0.875,0.97,20.505
D,[2048],100000,17,standard,200,0.47,0.545,0.57,11.59
D,[2048],100000,17,override_w0,200,0.47,0.545,0.57,11.59
D,[2048],100000,17,override_w1,200,0.56,0.455,0.475,9.785
D,[2048],100000,17,override_w2,200,0.395,0.61,0.62,12.755
D,[2048],100000,17,override_w4,200,0.575,0.495,0.525,10.34
D,[2048],100000,17,override_w8,200,0.535,0.595,0.61,13.31
D,[2048],500000,17,standard,200,0.65,0.36,0.43,8.57
D,[2048],500000,17,override_w0,200,0.65,0.36,0.43,8.57
D,[2048],500000,17,override_w1,200,0.655,0.39,0.415,8.57
D,[2048],500000,17,override_w2,200,0.69,0.36,0.42,8.45
D,[2048],500000,17,override_w4,200,0.67,0.4,0.425,8.58
D,[2048],500000,17,override_w8,200,0.63,0.405,0.45,9.09
D,[16],10000,18,standard,200,0.01,0.975,1.05,22.28
D,[16],10000,18,override_w0,200,0.01,0.975,1.05,22.28
D,[16],10000,18,override_w1,200,0.005,0.88,1.335,30.16
D,[16],10000,18,override_w2,200,0.02,0.88,1.28,29.305
D,[16],10000,18,override_w4,200,0.015,0.83,1.385,30.935
D,[16],10000,18,override_w8,200,0.02,0.925,1.315,28.245
D,[16],100000,18,standard,200,0.32,0.725,0.74,15.12
D,[16],100000,18,override_w0,200,0.32,0.725,0.74,15.12
D,[16],100000,18,override_w1,200,0.49,0.545,0.585,12.46
D,[16],100000,18,override_w2,200,0.555,0.495,0.53,11.27
D,[16],100000,18,override_w4,200,0.535,0.49,0.515,10.61
D,[16],100000,18,override_w8,200,0.49,0.545,0.57,11.815
D,[16],500000,18,standard,200,0.645,0.39,0.425,8.8
D,[16],500000,18,override_w0,200,0.645,0.39,0.425,8.8
D,[16],500000,18,override_w1,200,0.655,0.385,0.415,8.54
D,[16],500000,18,override_w2,200,0.67,0.39,0.42,8.565
D,[16],500000,18,override_w4,200,0.66,0.375,0.425,8.635
D,[16],500000,18,override_w8,200,0.66,0.39,0.455,9.085
D,[256],10000,18,standard,200,0.04,0.96,1.015,21.535
D,[256],10000,18,override_w0,200,0.04,0.96,1.015,21.535
D,[256],10000,18,override_w1,200,0.065,0.945,0.945,20.105
D,[256],10000,18,override_w2,200,0.13,0.87,0.9,18.965
D,[256],10000,18,override_w4,200,0.1,0.915,0.925,19.575
D,[256],10000,18,override_w8,200,0.125,0.89,0.905,18.92
D,[256],100000,18,standard,200,0.615,0.43,0.455,9.5
D,[256],100000,18,override_w0,200,0.615,0.43,0.455,9.5
D,[256],100000,18,override_w1,200,0.61,0.43,0.45,9.58
D,[256],100000,18,override_w2,200,0.575,0.44,0.455,9.395
D,[256],100000,18,override_w4,200,0.495,0.525,0.545,12.005
D,[256],100000,18,override_w8,200,0.575,0.44,0.465,9.635
D,[256],500000,18,standard,200,0.615,0.405,0.415,8.73
D,[256],500000,18,override_w0,200,0.615,0.405,0.415,8.73
D,[256],500000,18,override_w1,200,0.67,0.38,0.415,8.51
D,[256],500000,18,override_w2,200,0.67,0.385,0.415,8.41
D,[256],500000,18,override_w4,200,0.69,0.38,0.41,8.38
D,[256],500000,18,override_w8,200,0.675,0.385,0.425,8.645
D,[2048],10000,18,standard,200,0.03,0.965,1.05,21.84
D,[2048],10000,18,override_w0,200,0.03,0.965,1.05,21.84
D,[2048],10000,18,override_w1,200,0.06,0.945,0.985,21.015
D,[2048],10000,18,override_w2,200,0.1,0.92,0.93,19.435
D,[2048],10000,18,override_w4,200,0.08,0.92,0.955,20.12
D,[2048],10000,18,override_w8,200,0.13,0.86,0.925,19.445
D,[2048],100000,18,standard,200,0.38,0.66,0.68,13.895
D,[2048],100000,18,override_w0,200,0.38,0.66,0.68,13.895
D,[2048],100000,18,override_w1,200,0.605,0.425,0.455,9.31
D,[2048],100000,18,override_w2,200,0.51,0.505,0.515,10.915
D,[2048],100000,18,override_w4,200,0.615,0.42,0.45,9.3
D,[2048],100000,18,override_w8,200,0.505,0.525,0.555,10.67
D,[2048],500000,18,standard,200,0.685,0.385,0.425,8.465
D,[2048],500000,18,override_w0,200,0.685,0.385,0.425,8.465
D,[2048],500000,18,override_w1,200,0.655,0.395,0.44,9.02
D,[2048],500000,18,override_w2,200,0.635,0.47,0.49,10.265
D,[2048],500000,18,override_w4,200,0.63,0.395,0.425,8.69
D,[2048],500000,18,override_w8,200,0.645,0.39,0.42,8.695
D,[16],10000,19,standard,200,0.015,0.705,1.91,41.45
D,[16],10000,19,override_w0,200,0.015,0.705,1.91,41.45
D,[16],10000,19,override_w1,200,0.015,0.84,1.42,30.27
D,[16],10000,19,override_w2,200,0.02,0.72,1.785,38.35
D,[16],10000,19,override_w4,200,0.09,0.795,1.385,30.94
D,[16],10000,19,override_w8,200,0.04,0.94,1.055,23.245
D,[16],100000,19,standard,200,0.33,0.695,0.72,15.2
D,[16],100000,19,override_w0,200,0.33,0.695,0.72,15.2
D,[16],100000,19,override_w1,200,0.38,0.635,0.655,14.27
D,[16],100000,19,override_w2,200,0.405,0.615,0.615,13.16
D,[16],100000,19,override_w4,200,0.505,0.525,0.535,11.095
D,[16],100000,19,override_w8,200,0.505,0.535,0.54,11.645
D,[16],500000,19,standard,200,0.645,0.375,0.41,8.5
D,[16],500000,19,override_w0,200,0.645,0.375,0.41,8.5
D,[16],500000,19,override_w1,200,0.665,0.38,0.415,8.59
D,[16],500000,19,override_w2,200,0.65,0.385,0.415,8.625
D,[16],500000,19,override_w4,200,0.665,0.375,0.41,8.53
D,[16],500000,19,override_w8,200,0.68,0.385,0.415,8.505
D,[256],10000,19,standard,200,0.04,0.96,0.98,20.695
D,[256],10000,19,override_w0,200,0.04,0.96,0.98,20.695
D,[256],10000,19,override_w1,200,0.045,0.955,0.97,20.06
D,[256],10000,19,override_w2,200,0.08,0.79,1.255,27.3
D,[256],10000,19,override_w4,200,0.075,0.935,0.935,19.24
D,[256],10000,19,override_w8,200,0.11,0.9,0.92,19.56
D,[256],100000,19,standard,200,0.62,0.415,0.455,9.55
D,[256],100000,19,override_w0,200,0.62,0.415,0.455,9.55
D,[256],100000,19,override_w1,200,0.6,0.545,0.565,11.895
D,[256],100000,19,override_w2,200,0.615,0.465,0.49,10.24
D,[256],100000,19,override_w4,200,0.585,0.47,0.495,9.99
D,[256],100000,19,override_w8,200,0.595,0.45,0.475,9.735
D,[256],500000,19,standard,200,0.65,0.405,0.43,8.78
D,[256],500000,19,override_w0,200,0.65,0.405,0.43,8.78
D,[256],500000,19,override_w1,200,0.65,0.385,0.41,8.565
D,[256],500000,19,override_w2,200,0.63,0.485,0.51,10.615
D,[256],500000,19,override_w4,200,0.695,0.37,0.415,8.485
D,[256],500000,19,override_w8,200,0.655,0.385,0.415,8.455
D,[2048],10000,19,standard,200,0.045,0.855,1.28,27.41
D,[2048],10000,19,override_w0,200,0.045,0.855,1.28,27.41
D,[2048],10000,19,override_w1,200,0.065,0.95,0.955,19.825
D,[2048],10000,19,override_w2,200,0.12,0.89,0.9,19.0
D,[2048],10000,19,override_w4,200,0.115,0.9,0.94,19.675
D,[2048],10000,19,override_w8,200,0.155,0.735,1.215,25.515
D,[2048],100000,19,standard,200,0.57,0.485,0.51,10.935
D,[2048],100000,19,override_w0,200,0.57,0.485,0.51,10.935
D,[2048],100000,19,override_w1,200,0.57,0.435,0.455,9.81
D,[2048],100000,19,override_w2,200,0.595,0.435,0.465,9.59
D,[2048],100000,19,override_w4,200,0.535,0.49,0.51,10.885
D,[2048],100000,19,override_w8,200,0.63,0.475,0.51,10.455
D,[2048],500000,19,standard,200,0.65,0.38,0.415,8.515
D,[2048],500000,19,override_w0,200,0.65,0.38,0.415,8.515
D,[2048],500000,19,override_w1,200,0.655,0.385,0.43,8.77
D,[2048],500000,19,override_w2,200,0.685,0.38,0.42,8.625
D,[2048],500000,19,override_w4,200,0.64,0.375,0.4,8.36
D,[2048],500000,19,override_w8,200,0.64,0.385,0.425,8.575
D,[16],10000,0,standard,200,0.02,0.73,1.745,38.465
D,[16],10000,0,override_w0,200,0.02,0.73,1.745,38.465
D,[16],10000,0,override_w1,200,0.015,0.815,1.42,31.7
D,[16],10000,0,override_w2,200,0.02,0.78,1.545,34.445
D,[16],10000,0,override_w4,200,0.02,0.82,1.44,32.08
D,[16],10000,0,override_w8,200,0.035,0.725,1.695,37.21
D,[16],100000,0,standard,200,0.35,0.685,0.705,15.85
D,[16],100000,0,override_w0,200,0.35,0.685,0.705,15.85
D,[16],100000,0,override_w1,200,0.51,0.52,0.545,12.1
D,[16],100000,0,override_w2,200,0.515,0.525,0.555,12.15
D,[16],100000,0,override_w4,200,0.53,0.535,0.58,13.305
D,[16],100000,0,override_w8,200,0.495,0.53,0.555,12.11
D,[16],500000,0,standard,200,0.625,0.395,0.425,9.295
D,[16],500000,0,override_w0,200,0.625,0.395,0.425,9.295
D,[16],500000,0,override_w1,200,0.645,0.395,0.42,8.765
D,[16],500000,0,override_w2,200,0.65,0.395,0.41,8.76
D,[16],500000,0,override_w4,200,0.655,0.39,0.41,8.53
D,[16],500000,0,override_w8,200,0.66,0.38,0.41,8.855
D,[256],10000,0,standard,200,0.075,0.92,1.075,22.19
D,[256],10000,0,override_w0,200,0.075,0.92,1.075,22.19
D,[256],10000,0,override_w1,200,0.075,0.925,0.93,20.17
D,[256],10000,0,override_w2,200,0.07,0.94,0.95,20.38
D,[256],10000,0,override_w4,200,0.1,0.905,0.91,19.775
D,[256],10000,0,override_w8,200,0.075,0.93,0.965,20.99
D,[256],100000,0,standard,200,0.535,0.51,0.535,10.87
D,[256],100000,0,override_w0,200,0.535,0.51,0.535,10.87
D,[256],100000,0,override_w1,200,0.575,0.435,0.46,9.99
D,[256],100000,0,override_w2,200,0.64,0.41,0.435,9.045
D,[256],100000,0,override_w4,200,0.595,0.435,0.465,9.785
D,[256],100000,0,override_w8,200,0.56,0.455,0.47,10.7
D,[256],500000,0,standard,200,0.645,0.375,0.405,8.505
D,[256],500000,0,override_w0,200,0.645,0.375,0.405,8.505
D,[256],500000,0,override_w1,200,0.655,0.385,0.41,8.505
D,[256],500000,0,override_w2,200,0.66,0.37,0.4,8.34
D,[256],500000,0,override_w4,200,0.655,0.38,0.4,8.515
D,[256],500000,0,override_w8,200,0.63,0.405,0.445,9.3
D,[2048],10000,0,standard,200,0.045,0.96,0.995,21.085
D,[2048],10000,0,override_w0,200,0.045,0.96,0.995,21.085
D,[2048],10000,0,override_w1,200,0.06,0.945,0.95,20.37
D,[2048],10000,0,override_w2,200,0.08,0.92,0.93,20.015
D,[2048],10000,0,override_w4,200,0.11,0.9,0.91,20.04
D,[2048],10000,0,override_w8,200,0.075,0.93,0.935,20.15
D,[2048],100000,0,standard,200,0.565,0.455,0.475,10.19
D,[2048],100000,0,override_w0,200,0.565,0.455,0.475,10.19
D,[2048],100000,0,override_w1,200,0.46,0.55,0.575,12.655
D,[2048],100000,0,override_w2,200,0.6,0.625,0.65,14.685
D,[2048],100000,0,override_w4,200,0.49,0.535,0.575,12.475
D,[2048],100000,0,override_w8,200,0.595,0.43,0.44,9.855
D,[2048],500000,0,standard,200,0.64,0.48,0.485,10.7
D,[2048],500000,0,override_w0,200,0.64,0.48,0.485,10.7
D,[2048],500000,0,override_w1,200,0.66,0.37,0.395,8.265
D,[2048],500000,0,override_w2,200,0.68,0.355,0.395,8.18
D,[2048],500000,0,override_w4,200,0.635,0.45,0.49,10.17
D,[2048],500000,0,override_w8,200,0.655,0.38,0.415,8.615
D,[16],10000,1,standard,200,0.02,0.87,1.32,29.18
D,[16],10000,1,override_w0,200,0.02,0.87,1.32,29.18
D,[16],10000,1,override_w1,200,0.04,0.96,1.08,23.575
D,[16],10000,1,override_w2,200,0.04,0.965,1.025,22.04
D,[16],10000,1,override_w4,200,0.04,0.965,0.985,22.115
D,[16],10000,1,override_w8,200,0.035,0.975,1.015,22.4
D,[16],100000,1,standard,200,0.42,0.705,0.715,15.845
D,[16],100000,1,override_w0,200,0.42,0.705,0.715,15.845
D,[16],100000,1,override_w1,200,0.455,0.575,0.605,13.54
D,[16],100000,1,override_w2,200,0.515,0.535,0.565,12.045
D,[16],100000,1,override_w4,200,0.5,0.535,0.57,12.39
D,[16],100000,1,override_w8,200,0.565,0.565,0.58,12.085
D,[16],500000,1,standard,200,0.625,0.395,0.41,8.73
D,[16],500000,1,override_w0,200,0.625,0.395,0.41,8.73
D,[16],500000,1,override_w1,200,0.625,0.39,0.42,8.9
D,[16],500000,1,override_w2,200,0.655,0.39,0.41,8.62
D,[16],500000,1,override_w4,200,0.665,0.395,0.42,8.79
D,[16],500000,1,override_w8,200,0.655,0.385,0.405,8.445
D,[256],10000,1,standard,200,0.02,0.975,0.975,21.21
D,[256],10000,1,override_w0,200,0.02,0.975,0.975,21.21
D,[256],10000,1,override_w1,200,0.075,0.93,0.975,21.19
D,[256],10000,1,override_w2,200,0.13,0.77,1.12,24.725
D,[256],10000,1,override_w4,200,0.16,0.835,0.975,20.495
D,[256],10000,1,override_w8,200,0.145,0.895,0.895,18.735
D,[256],100000,1,standard,200,0.6,0.41,0.445,9.385
D,[256],100000,1,override_w0,200,0.6,0.41,0.445,9.385
D,[256],100000,1,override_w1,200,0.595,0.47,0.49,10.68
D,[256],100000,1,override_w2,200,0.595,0.42,0.47,10.055
D,[256],100000,1,override_w4,200,0.655,0.4,0.41,8.855
D,[256],100000,1,override_w8,200,0.515,0.52,0.535,12.395
D,[256],500000,1,standard,200,0.67,0.475,0.49,10.4
D,[256],500000,1,override_w0,200,0.67,0.475,0.49,10.4
D,[256],500000,1,override_w1,200,0.65,0.38,0.4,8.42
D,[256],500000,1,override_w2,200,0.645,0.39,0.415,8.69
D,[256],500000,1,override_w4,200,0.685,0.42,0.44,9.145
D,[256],500000,1,override_w8,200,0.665,0.36,0.395,8.27
D,[2048],10000,1,standard,200,0.02,0.975,1.04,21.96
D,[2048],10000,1,override_w0,200,0.02,0.975,1.04,21.96
D,[2048],10000,1,override_w1,200,0.065,0.915,1.06,23.19
D,[2048],10000,1,override_w2,200,0.07,0.93,0.94,20.02
D,[2048],10000,1,override_w4,200,0.09,0.92,0.925,20.06
D,[2048],10000,1,override_w8,200,0.1,0.905,0.925,20.03
D,[2048],100000,1,standard,200,0.495,0.53,0.55,11.855
D,[2048],100000,1,override_w0,200,0.495,0.53,0.55,11.855
D,[2048],100000,1,override_w1,200,0.62,0.455,0.455,10.38
D,[2048],100000,1,override_w2,200,0.455,0.57,0.59,12.32
D,[2048],100000,1,override_w4,200,0.54,0.48,0.485,11.005
D,[2048],100000,1,override_w8,200,0.415,0.655,0.68,14.895
D,[2048],500000,1,standard,200,0.645,0.38,0.485,9.96
D,[2048],500000,1,override_w0,200,0.645,0.38,0.485,9.96
D,[2048],500000,1,override_w1,200,0.655,0.435,0.465,9.63
D,[2048],500000,1,override_w2,200,0.665,0.485,0.53,10.785
D,[2048],500000,1,override_w4,200,0.63,0.385,0.415,8.595
D,[2048],500000,1,override_w8,200,0.66,0.385,0.405,8.455
D,[16],10000,2,standard,200,0.005,0.885,1.34,28.895
D,[16],10000,2,override_w0,200,0.005,0.885,1.34,28.895
D,[16],10000,2,override_w1,200,0.015,0.835,1.445,31.61
D,[16],10000,2,override_w2,200,0.03,0.675,1.875,42.6
D,[16],10000,2,override_w4,200,0.085,0.805,1.3,29.155
D,[16],10000,2,override_w8,200,0.07,0.83,1.375,30.455
D,[16],100000,2,standard,200,0.37,0.68,0.71,15.275
D,[16],100000,2,override_w0,200,0.37,0.68,0.71,15.275
D,[16],100000,2,override_w1,200,0.455,0.565,0.59,12.6
D,[16],100000,2,override_w2,200,0.49,0.55,0.565,12.695
D,[16],100000,2,override_w4,200,0.565,0.45,0.48,10.675
D,[16],100000,2,override_w8,200,0.535,0.55,0.565,12.185
D,[16],500000,2,standard,200,0.62,0.4,0.425,9.03
D,[16],500000,2,override_w0,200,0.62,0.4,0.425,9.03
D,[16],500000,2,override_w1,200,0.66,0.385,0.41,8.7
D,[16],500000,2,override_w2,200,0.65,0.39,0.415,8.725
D,[16],500000,2,override_w4,200,0.665,0.39,0.41,8.57
D,[16],500000,2,override_w8,200,0.685,0.375,0.4,8.415
D,[256],10000,2,standard,200,0.015,0.98,1.02,21.755
D,[256],10000,2,override_w0,200,0.015,0.98,1.02,21.755
D,[256],10000,2,override_w1,200,0.05,0.92,1.14,25.015
D,[256],10000,2,override_w2,200,0.12,0.79,1.11,24.795
D,[256],10000,2,override_w4,200,0.1,0.905,0.93,19.845
D,[256],10000,2,override_w8,200,0.085,0.915,0.92,20.135
D,[256],100000,2,standard,200,0.6,0.425,0.455,9.925
D,[256],100000,2,override_w0,200,0.6,0.425,0.455,9.925
D,[256],100000,2,override_w1,200,0.64,0.435,0.45,10.095
D,[256],100000,2,override_w2,200,0.6,0.44,0.45,10.14
D,[256],100000,2,override_w4,200,0.62,0.42,0.45,9.345
D,[256],100000,2,override_w8,200,0.62,0.41,0.42,9.14
D,[256],500000,2,standard,200,0.655,0.385,0.41,8.63
D,[256],500000,2,override_w0,200,0.655,0.385,0.41,8.63
D,[256],500000,2,override_w1,200,0.68,0.375,0.405,8.41
D,[256],500000,2,override_w2,200,0.67,0.375,0.425,8.94
D,[256],500000,2,override_w4,200,0.675,0.36,0.395,8.255
D,[256],500000,2,override_w8,200,0.675,0.38,0.41,8.48
D,[2048],10000,2,standard,200,0.03,0.975,0.975,21.255
D,[2048],10000,2,override_w0,200,0.03,0.975,0.975,21.255
D,[2048],10000,2,override_w1,200,0.07,0.93,0.93,20.325
D,[2048],10000,2,override_w2,200,0.055,0.945,0.955,20.65
D,[2048],10000,2,override_w4,200,0.095,0.895,0.98,21.175
D,[2048],10000,2,override_w8,200,0.12,0.915,0.915,19.465
D,[2048],100000,2,standard,200,0.595,0.535,0.54,12.31
D,[2048],100000,2,override_w0,200,0.595,0.535,0.54,12.31
D,[2048],100000,2,override_w1,200,0.585,0.48,0.495,10.795
D,[2048],100000,2,override_w2,200,0.605,0.465,0.505,11.055
D,[2048],100000,2,override_w4,200,0.555,0.46,0.47,10.38
D,[2048],100000,2,override_w8,200,0.475,0.535,0.555,11.785
D,[2048],500000,2,standard,200,0.635,0.38,0.4,8.5
D,[2048],500000,2,override_w0,200,0.635,0.38,0.4,8.5
D,[2048],500000,2,override_w1,200,0.695,0.39,0.41,8.48
D,[2048],500000,2,override_w2,200,0.675,0.39,0.435,9.23
D,[2048],500000,2,override_w4,200,0.685,0.365,0.4,8.405
D,[2048],500000,2,override_w8,200,0.62,0.395,0.42,8.99
D,[16],10000,3,standard,200,0.015,0.435,2.87,63.52
D,[16],10000,3,override_w0,200,0.015,0.435,2.87,63.52
D,[16],10000,3,override_w1,200,0.01,0.85,1.48,33.94
D,[16],10000,3,override_w2,200,0.04,0.845,1.39,30.16
D,[16],10000,3,override_w4,200,0.025,0.98,1.065,22.56
D,[16],10000,3,override_w8,200,0.04,0.965,0.985,21.265
D,[16],100000,3,standard,200,0.335,0.715,0.725,15.63
D,[16],100000,3,override_w0,200,0.335,0.715,0.725,15.63
D,[16],100000,3,override_w1,200,0.48,0.545,0.565,12.065
D,[16],100000,3,override_w2,200,0.395,0.62,0.65,14.96
D,[16],100000,3,override_w4,200,0.555,0.48,0.51,10.9
D,[16],100000,3,override_w8,200,0.575,0.48,0.495,10.705
D,[16],500000,3,standard,200,0.63,0.42,0.43,9.01
D,[16],500000,3,override_w0,200,0.63,0.42,0.43,9.01
D,[16],500000,3,override_w1,200,0.675,0.385,0.405,8.56
D,[16],500000,3,override_w2,200,0.66,0.395,0.415,8.77
D,[16],500000,3,override_w4,200,0.66,0.385,0.41,8.55
D,[16],500000,3,override_w8,200,0.665,0.385,0.41,8.5
D,[256],10000,3,standard,200,0.015,0.975,1.035,22.115
D,[256],10000,3,override_w0,200,0.015,0.975,1.035,22.115
D,[256],10000,3,override_w1,200,0.03,0.965,0.97,21.03
D,[256],10000,3,override_w2,200,0.06,0.95,0.95,20.53
D,[256],10000,3,override_w4,200,0.08,0.93,0.95,21.2
D,[256],10000,3,override_w8,200,0.1,0.895,0.965,20.575
D,[256],100000,3,standard,200,0.53,0.48,0.5,10.375
D,[256],100000,3,override_w0,200,0.53,0.48,0.5,10.375
D,[256],100000,3,override_w1,200,0.585,0.45,0.47,10.02
D,[256],100000,3,override_w2,200,0.58,0.45,0.46,9.92
D,[256],100000,3,override_w4,200,0.605,0.445,0.47,10.07
D,[256],100000,3,override_w8,200,0.61,0.405,0.43,9.145
D,[256],500000,3,standard,200,0.66,0.4,0.425,9.04
D,[256],500000,3,override_w0,200,0.66,0.4,0.425,9.04
D,[256],500000,3,override_w1,200,0.675,0.39,0.41,8.58
D,[256],500000,3,override_w2,200,0.69,0.38,0.41,8.4
D,[256],500000,3,override_w4,200,0.675,0.37,0.405,8.33
D,[256],500000,3,override_w8,200,0.66,0.37,0.4,8.315
D,[2048],10000,3,standard,200,0.045,0.955,0.975,21.52
D,[2048],10000,3,override_w0,200,0.045,0.955,0.975,21.52
D,[2048],10000,3,override_w1,200,0.095,0.92,0.92,19.91
D,[2048],10000,3,override_w2,200,0.13,0.87,0.915,20.32
D,[2048],10000,3,override_w4,200,0.085,0.75,1.3,29.525
D,[2048],10000,3,override_w8,200,0.095,0.9,0.995,20.87
D,[2048],100000,3,standard,200,0.485,0.65,0.655,13.945
D,[2048],100000,3,override_w0,200,0.485,0.65,0.655,13.945
D,[2048],100000,3,override_w1,200,0.545,0.46,0.48,10.255
D,[2048],100000,3,override_w2,200,0.43,0.63,0.645,13.635
D,[2048],100000,3,override_w4,200,0.59,0.42,0.435,9.525
D,[2048],100000,3,override_w8,200,0.45,0.615,0.62,13.275
D,[2048],500000,3,standard,200,0.65,0.445,0.465,9.625
D,[2048],500000,3,override_w0,200,0.65,0.445,0.465,9.625
D,[2048],500000,3,override_w1,200,0.655,0.39,0.41,8.545
D,[2048],500000,3,override_w2,200,0.685,0.36,0.41,8.465
D,[2048],500000,3,override_w4,200,0.58,0.445,0.46,9.805
D,[2048],500000,3,override_w8,200,0.655,0.37,0.4,8.55
D,[16],10000,4,standard,200,0.02,0.925,1.105,24.69
D,[16],10000,4,override_w0,200,0.02,0.925,1.105,24.69
D,[16],10000,4,override_w1,200,0.025,0.885,1.235,27.865
D,[16],10000,4,override_w2,200,0.005,0.77,1.61,35.7
D,[16],10000,4,override_w4,200,0.035,0.765,1.51,34.03
D,[16],10000,4,override_w8,200,0.025,0.815,1.44,30.87
D,[16],100000,4,standard,200,0.2,0.83,0.835,18.21
D,[16],100000,4,override_w0,200,0.2,0.83,0.835,18.21
D,[16],100000,4,override_w1,200,0.39,0.645,0.66,14.47
D,[16],100000,4,override_w2,200,0.515,0.575,0.595,12.98
D,[16],100000,4,override_w4,200,0.51,0.505,0.525,11.73
D,[16],100000,4,override_w8,200,0.525,0.5,0.525,11.47
D,[16],500000,4,standard,200,0.63,0.395,0.435,8.92
D,[16],500000,4,override_w0,200,0.63,0.395,0.435,8.92
D,[16],500000,4,override_w1,200,0.645,0.4,0.42,8.745
D,[16],500000,4,override_w2,200,0.68,0.38,0.415,8.395
D,[16],500000,4,override_w4,200,0.675,0.385,0.415,8.49
D,[16],500000,4,override_w8,200,0.675,0.39,0.415,8.55
D,[256],10000,4,standard,200,0.01,0.98,1.05,23.275
D,[256],10000,4,override_w0,200,0.01,0.98,1.05,23.275
D,[256],10000,4,override_w1,200,0.06,0.77,1.405,30.74
D,[256],10000,4,override_w2,200,0.12,0.895,0.925,19.765
D,[256],10000,4,override_w4,200,0.125,0.88,0.91,19.17
D,[256],10000,4,override_w8,200,0.085,0.925,0.96,21.105
D,[256],100000,4,standard,200,0.575,0.485,0.505,10.585
D,[256],100000,4,override_w0,200,0.575,0.485,0.505,10.585
D,[256],100000,4,override_w1,200,0.625,0.435,0.46,9.535
D,[256],100000,4,override_w2,200,0.59,0.405,0.55,12.205
D,[256],100000,4,override_w4,200,0.635,0.42,0.455,9.555
D,[256],100000,4,override_w8,200,0.6,0.455,0.485,10.27
D,[256],500000,4,standard,200,0.665,0.385,0.415,8.61
D,[256],500000,4,override_w0,200,0.665,0.385,0.415,8.61
D,[256],500000,4,override_w1,200,0.645,0.385,0.415,8.705
D,[256],500000,4,override_w2,200,0.65,0.39,0.415,8.56
D,[256],500000,4,override_w4,200,0.655,0.38,0.42,8.485
D,[256],500000,4,override_w8,200,0.68,0.375,0.41,8.41
D,[2048],10000,4,standard,200,0.01,0.985,1.105,23.595
D,[2048],10000,4,override_w0,200,0.01,0.985,1.105,23.595
D,[2048],10000,4,override_w1,200,0.03,0.965,0.975,20.615
D,[2048],10000,4,override_w2,200,0.065,0.925,0.985,20.92
D,[2048],10000,4,override_w4,200,0.11,0.9,0.915,19.35
D,[2048],10000,4,override_w8,200,0.14,0.905,0.91,19.74
D,[2048],100000,4,standard,200,0.555,0.505,0.535,11.36
D,[2048],100000,4,override_w0,200,0.555,0.505,0.535,11.36
D,[2048],100000,4,override_w1,200,0.625,0.405,0.425,9.075
D,[2048],100000,4,override_w2,200,0.6,0.43,0.435,9.54
D,[2048],100000,4,override_w4,200,0.52,0.56,0.57,11.785
D,[2048],100000,4,override_w8,200,0.435,0.575,0.59,13.195
D,[2048],500000,4,standard,200,0.67,0.39,0.41,8.52
D,[2048],500000,4,override_w0,200,0.67,0.39,0.41,8.52
D,[2048],500000,4,override_w1,200,0.615,0.395,0.42,8.685
D,[2048],500000,4,override_w2,200,0.665,0.42,0.445,9.255
D,[2048],500000,4,override_w4,200,0.665,0.375,0.41,8.47
D,[2048],500000,4,override_w8,200,0.675,0.43,0.445,9.065
D,[16],10000,5,standard,200,0.035,0.18,3.65,83.205
D,[16],10000,5,override_w0,200,0.035,0.18,3.65,83.205
D,[16],10000,5,override_w1,200,0.02,0.555,2.4,52.875
D,[16],10000,5,override_w2,200,0.015,0.945,1.21,24.515
D,[16],10000,5,override_w4,200,0.015,0.86,1.34,28.665
D,[16],10000,5,override_w8,200,0.015,0.875,1.3,27.38
D,[16],100000,5,standard,200,0.315,0.72,0.72,14.94
D,[16],100000,5,override_w0,200,0.315,0.72,0.72,14.94
D,[16],100000,5,override_w1,200,0.43,0.605,0.615,13.17
D,[16],100000,5,override_w2,200,0.52,0.495,0.53,11.89
D,[16],100000,5,override_w4,200,0.495,0.51,0.55,11.945
D,[16],100000,5,override_w8,200,0.49,0.54,0.55,12.205
D,[16],500000,5,standard,200,0.64,0.41,0.435,8.815
D,[16],500000,5,override_w0,200,0.64,0.41,0.435,8.815
D,[16],500000,5,override_w1,200,0.655,0.405,0.425,9.12
D,[16],500000,5,override_w2,200,0.64,0.4,0.42,8.655
D,[16],500000,5,override_w4,200,0.66,0.39,0.42,8.445
D,[16],500000,5,override_w8,200,0.66,0.38,0.42,8.385
D,[256],10000,5,standard,200,0.01,0.98,1.065,22.705
D,[256],10000,5,override_w0,200,0.01,0.98,1.065,22.705
D,[256],10000,5,override_w1,200,0.035,0.965,0.98,20.375
D,[256],10000,5,override_w2,200,0.08,0.92,0.955,20.48
D,[256],10000,5,override_w4,200,0.095,0.91,0.94,20.32
D,[256],10000,5,override_w8,200,0.145,0.88,0.885,18.4
D,[256],100000,5,standard,200,0.54,0.51,0.53,11.44
D,[256],100000,5,override_w0,200,0.54,0.51,0.53,11.44
D,[256],100000,5,override_w1,200,0.58,0.475,0.5,10.445
D,[256],100000,5,override_w2,200,0.535,0.48,0.49,10.295
D,[256],100000,5,override_w4,200,0.58,0.495,0.505,10.68
D,[256],100000,5,override_w8,200,0.575,0.465,0.47,10.245
D,[256],500000,5,standard,200,0.64,0.415,0.445,8.835
D,[256],500000,5,override_w0,200,0.64,0.415,0.445,8.835
D,[256],500000,5,override_w1,200,0.68,0.36,0.41,8.225
D,[256],500000,5,override_w2,200,0.69,0.355,0.41,8.18
D,[256],500000,5,override_w4,200,0.655,0.39,0.43,8.565
D,[256],500000,5,override_w8,200,0.655,0.39,0.415,8.99
D,[2048],10000,5,standard,200,0.03,0.97,0.97,20.345
D,[2048],10000,5,override_w0,200,0.03,0.97,0.97,20.345
D,[2048],10000,5,override_w1,200,0.095,0.905,0.93,19.84
D,[2048],10000,5,override_w2,200,0.155,0.87,0.91,19.61
D,[2048],10000,5,override_w4,200,0.115,0.9,0.995,20.375
D,[2048],10000,5,override_w8,200,0.1,0.75,1.28,27.665
D,[2048],100000,5,standard,200,0.485,0.615,0.62,13.475
D,[2048],100000,5,override_w0,200,0.485,0.615,0.62,13.475
D,[2048],100000,5,override_w1,200,0.31,0.78,0.785,16.82
D,[2048],100000,5,override_w2,200,0.58,0.505,0.545,11.195
D,[2048],100000,5,override_w4,200,0.205,0.82,0.825,17.925
D,[2048],100000,5,override_w8,200,0.57,0.635,0.655,14.125
D,[2048],500000,5,standard,200,0.66,0.41,0.445,9.28
D,[2048],500000,5,override_w0,200,0.66,0.41,0.445,9.28
D,[2048],500000,5,override_w1,200,0.63,0.395,0.41,8.47
D,[2048],500000,5,override_w2,200,0.67,0.405,0.44,9.03
D,[2048],500000,5,override_w4,200,0.58,0.445,0.465,9.905
D,[2048],500000,5,override_w8,200,0.65,0.4,0.42,8.615
D,[16],10000,6,standard,200,0.02,0.565,2.255,50.935
D,[16],10000,6,override_w0,200,0.02,0.565,2.255,50.935
D,[16],10000,6,override_w1,200,0.02,0.885,1.675,35.94
D,[16],10000,6,override_w2,200,0.03,0.94,1.16,25.645
D,[16],10000,6,override_w4,200,0.035,0.84,1.365,30.68
D,[16],10000,6,override_w8,200,0.03,0.96,1.115,22.94
D,[16],100000,6,standard,200,0.375,0.69,0.705,15.06
D,[16],100000,6,override_w0,200,0.375,0.69,0.705,15.06
D,[16],100000,6,override_w1,200,0.415,0.63,0.65,13.42
D,[16],100000,6,override_w2,200,0.475,0.55,0.565,11.99
D,[16],100000,6,override_w4,200,0.55,0.49,0.53,11.615
D,[16],100000,6,override_w8,200,0.45,0.595,0.605,13.055
D,[16],500000,6,standard,200,0.645,0.42,0.445,9.51
D,[16],500000,6,override_w0,200,0.645,0.42,0.445,9.51
D,[16],500000,6,override_w1,200,0.66,0.395,0.425,8.85
D,[16],500000,6,override_w2,200,0.65,0.4,0.415,8.65
D,[16],500000,6,override_w4,200,0.65,0.38,0.41,8.47
D,[16],500000,6,override_w8,200,0.685,0.38,0.405,8.23
D,[256],10000,6,standard,200,0.02,0.785,1.575,34.205
D,[256],10000,6,override_w0,200,0.02,0.785,1.575,34.205
D,[256],10000,6,override_w1,200,0.07,0.925,0.995,20.83
D,[256],10000,6,override_w2,200,0.06,0.935,0.965,20.285
D,[256],10000,6,override_w4,200,0.09,0.905,0.975,21.385
D,[256],10000,6,override_w8,200,0.185,0.74,1.18,24.205
D,[256],100000,6,standard,200,0.565,0.46,0.475,9.85
D,[256],100000,6,override_w0,200,0.565,0.46,0.475,9.85
D,[256],100000,6,override_w1,200,0.6,0.425,0.46,9.435
D,[256],100000,6,override_w2,200,0.615,0.42,0.445,9.32
D,[256],100000,6,override_w4,200,0.6,0.415,0.425,9.13
D,[256],100000,6,override_w8,200,0.595,0.425,0.455,9.43
D,[256],500000,6,standard,200,0.675,0.39,0.415,8.47
D,[256],500000,6,override_w0,200,0.675,0.39,0.415,8.47
D,[256],500000,6,override_w1,200,0.615,0.4,0.43,8.845
D,[256],500000,6,override_w2,200,0.685,0.35,0.4,8.12
D,[256],500000,6,override_w4,200,0.655,0.385,0.42,8.565
D,[256],500000,6,override_w8,200,0.67,0.39,0.415,8.595
D,[2048],10000,6,standard,200,0.03,0.965,1.03,21.92
D,[2048],10000,6,override_w0,200,0.03,0.965,1.03,21.92
D,[2048],10000,6,override_w1,200,0.085,0.935,0.94,19.86
D,[2048],10000,6,override_w2,200,0.08,0.93,0.945,19.81
D,[2048],10000,6,override_w4,200,0.13,0.855,1.005,22.075
D,[2048],10000,6,override_w8,200,0.1,0.9,0.905,19.505
D,[2048],100000,6,standard,200,0.485,0.535,0.55,12.05
D,[2048],100000,6,override_w0,200,0.485,0.535,0.55,12.05
D,[2048],100000,6,override_w1,200,0.61,0.43,0.445,9.43
D,[2048],100000,6,override_w2,200,0.62,0.41,0.435,9.38
D,[2048],100000,6,override_w4,200,0.57,0.475,0.5,10.39
D,[2048],100000,6,override_w8,200,0.585,0.43,0.45,9.43
D,[2048],500000,6,standard,200,0.635,0.395,0.415,8.72
D,[2048],500000,6,override_w0,200,0.635,0.395,0.415,8.72
D,[2048],500000,6,override_w1,200,0.69,0.435,0.455,9.86
D,[2048],500000,6,override_w2,200,0.66,0.5,0.51,11.19
D,[2048],500000,6,override_w4,200,0.67,0.385,0.405,8.87
D,[2048],500000,6,override_w8,200,0.655,0.39,0.415,8.58
D,[16],10000,7,standard,200,0.02,0.865,1.535,34.66
D,[16],10000,7,override_w0,200,0.02,0.865,1.535,34.66
D,[16],10000,7,override_w1,200,0.015,0.965,1.1,23.755
D,[16],10000,7,override_w2,200,0.02,0.975,1.005,21.785
D,[16],10000,7,override_w4,200,0.025,0.97,1.005,22.055
D,[16],10000,7,override_w8,200,0.08,0.905,1.025,22.04
D,[16],100000,7,standard,200,0.4,0.63,0.64,13.67
D,[16],100000,7,override_w0,200,0.4,0.63,0.64,13.67
D,[16],100000,7,override_w1,200,0.46,0.575,0.595,13.125
D,[16],100000,7,override_w2,200,0.45,0.6,0.635,13.275
D,[16],100000,7,override_w4,200,0.52,0.495,0.51,11.48
D,[16],100000,7,override_w8,200,0.515,0.565,0.58,12.585
D,[16],500000,7,standard,200,0.65,0.39,0.415,8.555
D,[16],500000,7,override_w0,200,0.65,0.39,0.415,8.555
D,[16],500000,7,override_w1,200,0.635,0.395,0.415,8.685
D,[16],500000,7,override_w2,200,0.645,0.39,0.415,8.565
D,[16],500000,7,override_w4,200,0.67,0.4,0.41,8.635
D,[16],500000,7,override_w8,200,0.685,0.37,0.42,8.465
D,[256],10000,7,standard,200,0.025,0.97,0.97,20.96
D,[256],10000,7,override_w0,200,0.025,0.97,0.97,20.96
D,[256],10000,7,override_w1,200,0.06,0.945,0.965,20.26
D,[256],10000,7,override_w2,200,0.06,0.945,0.97,20.175
D,[256],10000,7,override_w4,200,0.065,0.935,0.96,20.35
D,[256],10000,7,override_w8,200,0.095,0.9,0.945,20.185
D,[256],100000,7,standard,200,0.625,0.43,0.455,9.945
D,[256],100000,7,override_w0,200,0.625,0.43,0.455,9.945
D,[256],100000,7,override_w1,200,0.595,0.46,0.48,10.08
D,[256],100000,7,override_w2,200,0.625,0.41,0.44,9.135
D,[256],100000,7,override_w4,200,0.635,0.41,0.44,9.515
D,[256],100000,7,override_w8,200,0.615,0.42,0.44,9.535
D,[256],500000,7,standard,200,0.69,0.35,0.4,8.21
D,[256],500000,7,override_w0,200,0.69,0.35,0.4,8.21
D,[256],500000,7,override_w1,200,0.68,0.355,0.41,8.23
D,[256],500000,7,override_w2,200,0.68,0.405,0.43,8.74
D,[256],500000,7,override_w4,200,0.695,0.35,0.41,8.21
D,[256],500000,7,override_w8,200,0.66,0.385,0.415,8.425
D,[2048],10000,7,standard,200,0.07,0.785,1.37,29.175
D,[2048],10000,7,override_w0,200,0.07,0.785,1.37,29.175
D,[2048],10000,7,override_w1,200,0.075,0.925,0.97,20.375
D,[2048],10000,7,override_w2,200,0.17,0.845,0.985,20.16
D,[2048],10000,7,override_w4,200,0.12,0.88,0.95,21.12
D,[2048],10000,7,override_w8,200,0.105,0.89,0.96,20.76
D,[2048],100000,7,standard,200,0.465,0.55,0.56,12.56
D,[2048],100000,7,override_w0,200,0.465,0.55,0.56,12.56
D,[2048],100000,7,override_w1,200,0.53,0.515,0.515,11.52
D,[2048],100000,7,override_w2,200,0.58,0.445,0.48,10.21
D,[2048],100000,7,override_w4,200,0.56,0.47,0.5,10.65
D,[2048],100000,7,override_w8,200,0.585,0.425,0.44,9.74
D,[2048],500000,7,standard,200,0.68,0.36,0.405,8.305
D,[2048],500000,7,override_w0,200,0.68,0.36,0.405,8.305
D,[2048],500000,7,override_w1,200,0.69,0.37,0.405,8.43
D,[2048],500000,7,override_w2,200,0.625,0.39,0.43,8.845
D,[2048],500000,7,override_w4,200,0.665,0.375,0.41,8.3
D,[2048],500000,7,override_w8,200,0.7,0.365,0.405,8.44
D,[16],10000,8,standard,200,0.02,0.975,0.98,21.14
D,[16],10000,8,override_w0,200,0.02,0.975,0.98,21.14
D,[16],10000,8,override_w1,200,0.015,0.98,0.98,21.5
D,[16],10000,8,override_w2,200,0.025,0.98,1.045,21.95
D,[16],10000,8,override_w4,200,0.035,0.97,0.995,21.755
D,[16],10000,8,override_w8,200,0.035,0.97,0.99,21.915
D,[16],100000,8,standard,200,0.28,0.72,0.73,15.735
D,[16],100000,8,override_w0,200,0.28,0.72,0.73,15.735
D,[16],100000,8,override_w1,200,0.4,0.64,0.675,14.28
D,[16],100000,8,override_w2,200,0.45,0.6,0.62,13.63
D,[16],100000,8,override_w4,200,0.555,0.49,0.51,11.185
D,[16],100000,8,override_w8,200,0.435,0.595,0.615,13.55
D,[16],500000,8,standard,200,0.655,0.39,0.415,8.76
D,[16],500000,8,override_w0,200,0.655,0.39,0.415,8.76
D,[16],500000,8,override_w1,200,0.66,0.38,0.42,8.71
D,[16],500000,8,override_w2,200,0.69,0.375,0.41,8.36
D,[16],500000,8,override_w4,200,0.65,0.405,0.43,9.345
D,[16],500000,8,override_w8,200,0.665,0.38,0.405,8.45
D,[256],10000,8,standard,200,0.03,0.965,1.015,21.46
D,[256],10000,8,override_w0,200,0.03,0.965,1.015,21.46
D,[256],10000,8,override_w1,200,0.035,0.965,0.99,20.84
D,[256],10000,8,override_w2,200,0.055,0.95,0.95,20.54
D,[256],10000,8,override_w4,200,0.125,0.9,0.91,19.605
D,[256],10000,8,override_w8,200,0.04,0.96,0.97,20.965
D,[256],100000,8,standard,200,0.575,0.585,0.605,12.25
D,[256],100000,8,override_w0,200,0.575,0.585,0.605,12.25
D,[256],100000,8,override_w1,200,0.565,0.465,0.49,10.455
D,[256],100000,8,override_w2,200,0.395,0.635,0.645,14.13
D,[256],100000,8,override_w4,200,0.61,0.4,0.43,9.075
D,[256],100000,8,override_w8,200,0.645,0.385,0.42,8.995
D,[256],500000,8,standard,200,0.67,0.37,0.425,8.895
D,[256],500000,8,override_w0,200,0.67,0.37,0.425,8.895
D,[256],500000,8,override_w1,200,0.655,0.48,0.5,10.81
D,[256],500000,8,override_w2,200,0.68,0.385,0.425,8.96
D,[256],500000,8,override_w4,200,0.655,0.39,0.425,8.86
D,[256],500000,8,override_w8,200,0.675,0.39,0.41,8.725
D,[2048],10000,8,standard,200,0.03,0.965,1.03,22.225
D,[2048],10000,8,override_w0,200,0.03,0.965,1.03,22.225
D,[2048],10000,8,override_w1,200,0.12,0.82,1.115,24.98
D,[2048],10000,8,override_w2,200,0.115,0.885,0.92,20.345
D,[2048],10000,8,override_w4,200,0.13,0.885,0.92,19.425
D,[2048],10000,8,override_w8,200,0.085,0.93,0.93,19.88
D,[2048],100000,8,standard,200,0.515,0.5,0.525,11.26
D,[2048],100000,8,override_w0,200,0.515,0.5,0.525,11.26
D,[2048],100000,8,override_w1,200,0.595,0.415,0.425,9.085
D,[2048],100000,8,override_w2,200,0.615,0.57,0.605,12.64
D,[2048],100000,8,override_w4,200,0.535,0.5,0.535,10.705
D,[2048],100000,8,override_w8,200,0.535,0.525,0.525,11.775
D,[2048],500000,8,standard,200,0.67,0.395,0.44,8.975
D,[2048],500000,8,override_w0,200,0.67,0.395,0.44,8.975
D,[2048],500000,8,override_w1,200,0.68,0.39,0.415,8.62
D,[2048],500000,8,override_w2,200,0.69,0.355,0.405,8.35
D,[2048],500000,8,override_w4,200,0.675,0.375,0.41,8.43
D,[2048],500000,8,override_w8,200,0.67,0.355,0.4,8.475
D,[16],10000,9,standard,200,0.015,0.92,1.24,28.19
D,[16],10000,9,override_w0,200,0.015,0.92,1.24,28.19
D,[16],10000,9,override_w1,200,0.025,0.97,0.97,20.97
D,[16],10000,9,override_w2,200,0.02,0.875,1.39,31.445
D,[16],10000,9,override_w4,200,0.035,0.9,1.355,28.625
D,[16],10000,9,override_w8,200,0.035,0.92,1.195,25.735
D,[16],100000,9,standard,200,0.4,0.625,0.655,13.935
D,[16],100000,9,override_w0,200,0.4,0.625,0.655,13.935
D,[16],100000,9,override_w1,200,0.385,0.68,0.695,14.34
D,[16],100000,9,override_w2,200,0.475,0.52,0.675,14.56
D,[16],100000,9,override_w4,200,0.545,0.56,0.57,11.82
D,[16],100000,9,override_w8,200,0.52,0.53,0.565,12.025
D,[16],500000,9,standard,200,0.67,0.4,0.43,8.83
D,[16],500000,9,override_w0,200,0.67,0.4,0.43,8.83
D,[16],500000,9,override_w1,200,0.645,0.39,0.43,8.69
D,[16],500000,9,override_w2,200,0.66,0.375,0.415,8.655
D,[16],500000,9,override_w4,200,0.685,0.37,0.405,8.295
D,[16],500000,9,override_w8,200,0.65,0.39,0.415,8.63
D,[256],10000,9,standard,200,0.03,0.965,0.98,21.295
D,[256],10000,9,override_w0,200,0.03,0.965,0.98,21.295
D,[256],10000,9,override_w1,200,0.04,0.785,1.43,30.97
D,[256],10000,9,override_w2,200,0.095,0.905,0.96,20.615
D,[256],10000,9,override_w4,200,0.11,0.89,1.07,22.665
D,[256],10000,9,override_w8,200,0.135,0.88,0.89,19.07
D,[256],100000,9,standard,200,0.575,0.455,0.47,10.13
D,[256],100000,9,override_w0,200,0.575,0.455,0.47,10.13
D,[256],100000,9,override_w1,200,0.575,0.44,0.46,9.52
D,[256],100000,9,override_w2,200,0.625,0.475,0.5,10.35
D,[256],100000,9,override_w4,200,0.61,0.435,0.47,9.935
D,[256],100000,9,override_w8,200,0.515,0.495,0.53,11.005
D,[256],500000,9,standard,200,0.67,0.375,0.425,8.645
D,[256],500000,9,override_w0,200,0.67,0.375,0.425,8.645
D,[256],500000,9,override_w1,200,0.68,0.355,0.415,8.465
D,[256],500000,9,override_w2,200,0.675,0.46,0.475,9.985
D,[256],500000,9,override_w4,200,0.67,0.385,0.42,8.525
D,[256],500000,9,override_w8,200,0.675,0.525,0.565,12.035
D,[2048],10000,9,standard,200,0.045,0.965,1.015,21.3
D,[2048],10000,9,override_w0,200,0.045,0.965,1.015,21.3
D,[2048],10000,9,override_w1,200,0.08,0.935,0.945,19.96
D,[2048],10000,9,override_w2,200,0.1,0.905,0.93,20.05
D,[2048],10000,9,override_w4,200,0.12,0.875,0.89,19.61
D,[2048],10000,9,override_w8,200,0.095,0.74,1.315,28.47
D,[2048],100000,9,standard,200,0.54,0.535,0.56,12.56
D,[2048],100000,9,override_w0,200,0.54,0.535,0.56,12.56
D,[2048],100000,9,override_w1,200,0.64,0.425,0.45,9.33
D,[2048],100000,9,override_w2,200,0.585,0.49,0.51,11.195
D,[2048],100000,9,override_w4,200,0.41,0.61,0.62,13.07
D,[2048],100000,9,override_w8,200,0.335,0.7,0.735,15.07
D,[2048],500000,9,standard,200,0.66,0.385,0.415,8.595
D,[2048],500000,9,override_w0,200,0.66,0.385,0.415,8.595
D,[2048],500000,9,override_w1,200,0.655,0.39,0.425,8.545
D,[2048],500000,9,override_w2,200,0.675,0.435,0.485,9.77
D,[2048],500000,9,override_w4,200,0.665,0.415,0.43,9.375
D,[2048],500000,9,override_w8,200,0.54,0.51,0.53,10.97
