architecture,network_size,training_timesteps,seed,condition,n_eval_episodes,success_rate,crash_rate,avg_battery_level,avg_episode_length
D,[16],10000,0,standard,200,0.015,0.985,1.4,24.65
D,[16],10000,0,override_w0,200,0.015,0.985,1.4,24.65
D,[16],10000,0,override_w1,200,0.025,0.98,1.42,24.645
D,[16],10000,0,override_w2,200,0.015,0.99,0.92,24.77
D,[16],10000,0,override_w4,200,0.015,0.985,1.06,24.735
D,[16],10000,0,override_w8,200,0.015,0.985,1.0,24.75
D,[16],100000,0,standard,200,0.59,0.42,16.88,21.28
D,[16],100000,0,override_w0,200,0.59,0.42,16.88,21.28
D,[16],100000,0,override_w1,200,0.9,0.11,34.42,16.395
D,[16],100000,0,override_w2,200,0.98,0.02,43.22,14.195
D,[16],100000,0,override_w4,200,0.99,0.01,48.9,12.775
D,[16],100000,0,override_w8,200,1.0,0.0,47.7,13.075
D,[16],500000,0,standard,200,1.0,0.0,58.26,10.465
D,[16],500000,0,override_w0,200,1.0,0.0,58.26,10.465
D,[16],500000,0,override_w1,200,1.0,0.0,58.34,10.445
D,[16],500000,0,override_w2,200,1.0,0.0,59.32,10.17
D,[16],500000,0,override_w4,200,1.0,0.0,58.5,10.375
D,[16],500000,0,override_w8,200,1.0,0.0,54.24,11.44
D,[256],10000,0,standard,200,0.02,0.98,0.72,24.82
D,[256],10000,0,override_w0,200,0.02,0.98,0.72,24.82
D,[256],10000,0,override_w1,200,0.02,0.98,0.54,24.865
D,[256],10000,0,override_w2,200,0.02,0.98,1.34,24.665
D,[256],10000,0,override_w4,200,0.025,0.98,0.74,24.815
D,[256],10000,0,override_w8,200,0.07,0.94,2.64,24.34
D,[256],100000,0,standard,200,1.0,0.0,47.24,13.19
D,[256],100000,0,override_w0,200,1.0,0.0,47.24,13.19
D,[256],100000,0,override_w1,200,1.0,0.0,50.88,12.28
D,[256],100000,0,override_w2,200,0.98,0.02,45.08,13.73
D,[256],100000,0,override_w4,200,1.0,0.0,54.64,11.34
D,[256],100000,0,override_w8,200,0.99,0.01,49.0,12.75
D,[256],500000,0,standard,200,1.0,0.0,58.06,10.485
D,[256],500000,0,override_w0,200,1.0,0.0,58.06,10.485
D,[256],500000,0,override_w1,200,1.0,0.0,60.22,9.945
D,[256],500000,0,override_w2,200,1.0,0.0,59.76,10.06
D,[256],500000,0,override_w4,200,1.0,0.0,55.88,11.03
D,[256],500000,0,override_w8,200,1.0,0.0,56.42,10.895
D,[2048],10000,0,standard,200,0.02,0.98,1.36,24.66
D,[2048],10000,0,override_w0,200,0.02,0.98,1.36,24.66
D,[2048],10000,0,override_w1,200,0.02,0.98,1.02,24.745
D,[2048],10000,0,override_w2,200,0.01,0.99,0.94,24.765
D,[2048],10000,0,override_w4,200,0.055,0.945,2.02,24.495
D,[2048],10000,0,override_w8,200,0.06,0.94,2.06,24.485
D,[2048],100000,0,standard,200,1.0,0.0,39.54,15.115
D,[2048],100000,0,override_w0,200,1.0,0.0,39.54,15.115
D,[2048],100000,0,override_w1,200,0.97,0.03,41.94,14.515
D,[2048],100000,0,override_w2,200,0.975,0.025,45.92,13.52
D,[2048],100000,0,override_w4,200,0.995,0.005,52.68,11.83
D,[2048],100000,0,override_w8,200,0.965,0.035,47.98,13.005
D,[2048],500000,0,standard,200,1.0,0.0,57.84,10.54
D,[2048],500000,0,override_w0,200,1.0,0.0,57.84,10.54
D,[2048],500000,0,override_w1,200,1.0,0.0,59.54,10.115
D,[2048],500000,0,override_w2,200,1.0,0.0,59.54,10.145
D,[2048],500000,0,override_w4,200,1.0,0.0,55.86,11.035
D,[2048],500000,0,override_w8,200,1.0,0.0,44.58,13.855
D,[16],10000,1,standard,200,0.025,0.96,3.52,26.12
D,[16],10000,1,override_w0,200,0.025,0.96,3.52,26.12
D,[16],10000,1,override_w1,200,0.01,0.99,0.96,24.76
D,[16],10000,1,override_w2,200,0.01,0.99,0.94,24.765
D,[16],10000,1,override_w4,200,0.015,0.985,1.34,24.665
D,[16],10000,1,override_w8,200,0.02,0.98,0.66,24.835
D,[16],100000,1,standard,200,0.025,0.005,98.2,97.45
D,[16],100000,1,override_w0,200,0.025,0.005,98.2,97.45
D,[16],100000,1,override_w1,200,0.92,0.08,33.2,16.7
D,[16],100000,1,override_w2,200,0.95,0.05,40.38,14.905
D,[16],100000,1,override_w4,200,0.995,0.005,46.44,13.39
D,[16],100000,1,override_w8,200,1.0,0.0,47.7,13.075
D,[16],500000,1,standard,200,0.03,0.0,98.78,97.305
D,[16],500000,1,override_w0,200,0.03,0.0,98.78,97.305
D,[16],500000,1,override_w1,200,1.0,0.0,58.66,10.335
D,[16],500000,1,override_w2,200,1.0,0.0,59.08,10.23
D,[16],500000,1,override_w4,200,1.0,0.0,57.02,10.745
D,[16],500000,1,override_w8,200,1.0,0.0,54.56,11.36
D,[256],10000,1,standard,200,0.015,0.99,0.96,24.76
D,[256],10000,1,override_w0,200,0.015,0.99,0.96,24.76
D,[256],10000,1,override_w1,200,0.01,0.99,0.5,24.875
D,[256],10000,1,override_w2,200,0.02,0.98,1.38,24.655
D,[256],10000,1,override_w4,200,0.06,0.945,2.88,24.28
D,[256],10000,1,override_w8,200,0.08,0.925,2.5,24.375
D,[256],100000,1,standard,200,0.995,0.005,44.78,13.805
D,[256],100000,1,override_w0,200,0.995,0.005,44.78,13.805
D,[256],100000,1,override_w1,200,0.99,0.01,49.44,12.64
D,[256],100000,1,override_w2,200,1.0,0.0,50.52,12.37
D,[256],100000,1,override_w4,200,1.0,0.0,47.56,13.11
D,[256],100000,1,override_w8,200,1.0,0.0,49.74,12.565
D,[256],500000,1,standard,200,1.0,0.0,59.06,10.235
D,[256],500000,1,override_w0,200,1.0,0.0,59.06,10.235
D,[256],500000,1,override_w1,200,0.995,0.005,59.16,10.21
D,[256],500000,1,override_w2,200,1.0,0.0,59.22,10.195
D,[256],500000,1,override_w4,200,1.0,0.0,59.06,10.235
D,[256],500000,1,override_w8,200,1.0,0.0,55.44,11.14
D,[2048],10000,1,standard,200,0.02,0.98,1.72,25.07
D,[2048],10000,1,override_w0,200,0.02,0.98,1.72,25.07
D,[2048],10000,1,override_w1,200,0.025,0.975,1.52,24.62
D,[2048],10000,1,override_w2,200,0.035,0.965,1.16,24.71
D,[2048],10000,1,override_w4,200,0.085,0.915,3.4,24.15
D,[2048],10000,1,override_w8,200,0.095,0.92,2.74,24.315
D,[2048],100000,1,standard,200,0.91,0.09,38.04,15.49
D,[2048],100000,1,override_w0,200,0.91,0.09,38.04,15.49
D,[2048],100000,1,override_w1,200,0.97,0.03,43.68,14.08
D,[2048],100000,1,override_w2,200,0.915,0.085,48.8,12.8
D,[2048],100000,1,override_w4,200,1.0,0.0,52.78,11.805
D,[2048],100000,1,override_w8,200,1.0,0.0,52.2,11.95
D,[2048],500000,1,standard,200,1.0,0.0,54.4,11.4
D,[2048],500000,1,override_w0,200,1.0,0.0,54.4,11.4
D,[2048],500000,1,override_w1,200,1.0,0.0,60.04,9.99
D,[2048],500000,1,override_w2,200,1.0,0.0,60.76,9.81
D,[2048],500000,1,override_w4,200,1.0,0.0,56.66,10.835
D,[2048],500000,1,override_w8,200,1.0,0.0,42.24,14.44
D,[16],10000,2,standard,200,0.02,0.98,1.42,24.645
D,[16],10000,2,override_w0,200,0.02,0.98,1.42,24.645
D,[16],10000,2,override_w1,200,0.01,0.985,1.36,25.16
D,[16],10000,2,override_w2,200,0.015,0.98,1.6,25.1
D,[16],10000,2,override_w4,200,0.03,0.98,1.54,24.615
D,[16],10000,2,override_w8,200,0.01,0.99,0.92,24.77
D,[16],100000,2,standard,200,0.685,0.35,15.72,21.57
D,[16],100000,2,override_w0,200,0.685,0.35,15.72,21.57
D,[16],100000,2,override_w1,200,0.985,0.02,36.9,16.275
D,[16],100000,2,override_w2,200,0.985,0.015,41.86,14.535
D,[16],100000,2,override_w4,200,0.995,0.005,47.34,13.165
D,[16],100000,2,override_w8,200,1.0,0.0,50.34,12.415
D,[16],500000,2,standard,200,1.0,0.0,57.56,10.61
D,[16],500000,2,override_w0,200,1.0,0.0,57.56,10.61
D,[16],500000,2,override_w1,200,1.0,0.0,58.22,10.445
D,[16],500000,2,override_w2,200,1.0,0.0,58.78,10.305
D,[16],500000,2,override_w4,200,1.0,0.0,56.58,10.855
D,[16],500000,2,override_w8,200,0.995,0.005,55.92,11.02
D,[256],10000,2,standard,200,0.02,0.985,1.24,24.69
D,[256],10000,2,override_w0,200,0.02,0.985,1.24,24.69
D,[256],10000,2,override_w1,200,0.03,0.975,1.86,24.535
D,[256],10000,2,override_w2,200,0.04,0.965,2.32,24.42
D,[256],10000,2,override_w4,200,0.045,0.955,2.22,24.445
D,[256],10000,2,override_w8,200,0.085,0.92,2.78,24.305
D,[256],100000,2,standard,200,1.0,0.0,42.16,14.46
D,[256],100000,2,override_w0,200,1.0,0.0,42.16,14.46
D,[256],100000,2,override_w1,200,1.0,0.0,53.84,11.54
D,[256],100000,2,override_w2,200,1.0,0.0,53.5,11.625
D,[256],100000,2,override_w4,200,1.0,0.0,52.96,11.76
D,[256],100000,2,override_w8,200,1.0,0.0,51.5,12.125
D,[256],500000,2,standard,200,1.0,0.0,57.9,10.525
D,[256],500000,2,override_w0,200,1.0,0.0,57.9,10.525
D,[256],500000,2,override_w1,200,1.0,0.0,60.04,9.99
D,[256],500000,2,override_w2,200,0.99,0.01,59.54,10.115
D,[256],500000,2,override_w4,200,1.0,0.0,57.04,10.74
D,[256],500000,2,override_w8,200,1.0,0.0,56.56,10.86
D,[2048],10000,2,standard,200,0.005,0.995,0.48,24.88
D,[2048],10000,2,override_w0,200,0.005,0.995,0.48,24.88
D,[2048],10000,2,override_w1,200,0.03,0.965,2.4,24.9
D,[2048],10000,2,override_w2,200,0.03,0.97,1.66,25.085
D,[2048],10000,2,override_w4,200,0.07,0.935,2.98,24.755
D,[2048],10000,2,override_w8,200,0.065,0.945,3.16,24.71
D,[2048],100000,2,standard,200,0.99,0.035,41.18,14.705
D,[2048],100000,2,override_w0,200,0.99,0.035,41.18,14.705
D,[2048],100000,2,override_w1,200,0.995,0.005,49.26,12.685
D,[2048],100000,2,override_w2,200,1.0,0.0,52.22,11.945
D,[2048],100000,2,override_w4,200,0.96,0.04,51.98,12.005
D,[2048],100000,2,override_w8,200,0.995,0.005,43.84,14.04
D,[2048],500000,2,standard,200,1.0,0.0,59.16,10.21
D,[2048],500000,2,override_w0,200,1.0,0.0,59.16,10.21
D,[2048],500000,2,override_w1,200,1.0,0.0,60.36,9.91
D,[2048],500000,2,override_w2,200,1.0,0.0,59.94,10.015
D,[2048],500000,2,override_w4,200,1.0,0.0,56.02,10.995
D,[2048],500000,2,override_w8,200,1.0,0.0,55.36,11.16
D,[16],10000,3,standard,200,0.015,0.985,1.32,24.67
D,[16],10000,3,override_w0,200,0.015,0.985,1.32,24.67
D,[16],10000,3,override_w1,200,0.02,0.98,1.5,24.625
D,[16],10000,3,override_w2,200,0.03,0.97,2.22,24.445
D,[16],10000,3,override_w4,200,0.025,0.975,1.5,24.625
D,[16],10000,3,override_w8,200,0.025,0.975,2.1,24.475
D,[16],100000,3,standard,200,0.71,0.29,21.32,20.12
D,[16],100000,3,override_w0,200,0.71,0.29,21.32,20.12
D,[16],100000,3,override_w1,200,0.95,0.05,36.5,15.875
D,[16],100000,3,override_w2,200,0.99,0.01,43.48,14.13
D,[16],100000,3,override_w4,200,0.995,0.005,48.86,12.785
D,[16],100000,3,override_w8,200,0.995,0.005,47.4,13.15
D,[16],500000,3,standard,200,1.0,0.0,58.74,10.315
D,[16],500000,3,override_w0,200,1.0,0.0,58.74,10.315
D,[16],500000,3,override_w1,200,1.0,0.0,57.94,10.515
D,[16],500000,3,override_w2,200,1.0,0.0,58.58,10.355
D,[16],500000,3,override_w4,200,1.0,0.0,55.86,11.035
D,[16],500000,3,override_w8,200,1.0,0.0,54.9,11.275
D,[256],10000,3,standard,200,0.01,0.99,0.96,24.76
D,[256],10000,3,override_w0,200,0.01,0.99,0.96,24.76
D,[256],10000,3,override_w1,200,0.025,0.975,1.22,24.695
D,[256],10000,3,override_w2,200,0.035,0.97,1.64,24.59
D,[256],10000,3,override_w4,200,0.07,0.935,2.2,24.45
D,[256],10000,3,override_w8,200,0.09,0.915,2.58,24.355
D,[256],100000,3,standard,200,1.0,0.0,46.24,13.44
D,[256],100000,3,override_w0,200,1.0,0.0,46.24,13.44
D,[256],100000,3,override_w1,200,0.995,0.005,51.0,12.25
D,[256],100000,3,override_w2,200,0.985,0.015,51.14,12.215
D,[256],100000,3,override_w4,200,1.0,0.0,50.16,12.46
D,[256],100000,3,override_w8,200,1.0,0.0,51.0,12.25
D,[256],500000,3,standard,200,1.0,0.0,58.98,10.255
D,[256],500000,3,override_w0,200,1.0,0.0,58.98,10.255
D,[256],500000,3,override_w1,200,1.0,0.0,56.72,10.82
D,[256],500000,3,override_w2,200,1.0,0.0,58.56,10.36
D,[256],500000,3,override_w4,200,1.0,0.0,58.82,10.295
D,[256],500000,3,override_w8,200,1.0,0.0,56.82,10.795
D,[2048],10000,3,standard,200,0.02,0.98,1.84,25.04
D,[2048],10000,3,override_w0,200,0.02,0.98,1.84,25.04
D,[2048],10000,3,override_w1,200,0.03,0.98,1.48,24.63
D,[2048],10000,3,override_w2,200,0.03,0.975,1.16,24.71
D,[2048],10000,3,override_w4,200,0.065,0.95,2.42,24.395
D,[2048],10000,3,override_w8,200,0.085,0.925,3.18,24.205
D,[2048],100000,3,standard,200,0.985,0.015,44.62,13.845
D,[2048],100000,3,override_w0,200,0.985,0.015,44.62,13.845
D,[2048],100000,3,override_w1,200,0.955,0.045,50.0,12.5
D,[2048],100000,3,override_w2,200,1.0,0.0,48.8,12.8
D,[2048],100000,3,override_w4,200,0.94,0.065,49.66,12.585
D,[2048],100000,3,override_w8,200,0.995,0.005,50.06,12.485
D,[2048],500000,3,standard,200,1.0,0.0,58.48,10.38
D,[2048],500000,3,override_w0,200,1.0,0.0,58.48,10.38
D,[2048],500000,3,override_w1,200,1.0,0.0,59.9,10.025
D,[2048],500000,3,override_w2,200,1.0,0.0,59.52,10.12
D,[2048],500000,3,override_w4,200,1.0,0.0,52.66,11.835
D,[2048],500000,3,override_w8,200,1.0,0.0,51.08,12.23
D,[16],10000,4,standard,200,0.015,0.985,1.38,24.965
D,[16],10000,4,override_w0,200,0.015,0.985,1.38,24.965
D,[16],10000,4,override_w1,200,0.015,0.985,1.32,24.67
D,[16],10000,4,override_w2,200,0.015,0.985,1.36,24.66
D,[16],10000,4,override_w4,200,0.01,0.99,0.82,24.795
D,[16],10000,4,override_w8,200,0.015,0.985,1.34,24.665
D,[16],100000,4,standard,200,0.025,0.485,50.24,61.44
D,[16],100000,4,override_w0,200,0.025,0.485,50.24,61.44
D,[16],100000,4,override_w1,200,0.94,0.065,25.18,19.205
D,[16],100000,4,override_w2,200,0.98,0.02,34.0,16.5
D,[16],100000,4,override_w4,200,0.99,0.01,43.9,14.025
D,[16],100000,4,override_w8,200,0.995,0.005,48.14,12.965
D,[16],500000,4,standard,200,0.04,0.0,98.9,96.275
D,[16],500000,4,override_w0,200,0.04,0.0,98.9,96.275
D,[16],500000,4,override_w1,200,1.0,0.0,58.36,10.41
D,[16],500000,4,override_w2,200,1.0,0.0,58.56,10.36
D,[16],500000,4,override_w4,200,1.0,0.0,57.46,10.635
D,[16],500000,4,override_w8,200,1.0,0.0,53.84,11.54
D,[256],10000,4,standard,200,0.025,0.98,1.38,24.655
D,[256],10000,4,override_w0,200,0.025,0.98,1.38,24.655
D,[256],10000,4,override_w1,200,0.015,0.985,1.06,24.735
D,[256],10000,4,override_w2,200,0.03,0.97,1.24,24.69
D,[256],10000,4,override_w4,200,0.015,0.985,1.04,24.74
D,[256],10000,4,override_w8,200,0.06,0.955,2.16,24.46
D,[256],100000,4,standard,200,0.94,0.06,42.76,14.31
D,[256],100000,4,override_w0,200,0.94,0.06,42.76,14.31
D,[256],100000,4,override_w1,200,0.99,0.01,45.18,13.705
D,[256],100000,4,override_w2,200,0.995,0.005,50.66,12.335
D,[256],100000,4,override_w4,200,1.0,0.0,51.92,12.02
D,[256],100000,4,override_w8,200,0.98,0.02,51.02,12.245
D,[256],500000,4,standard,200,1.0,0.0,58.38,10.405
D,[256],500000,4,override_w0,200,1.0,0.0,58.38,10.405
D,[256],500000,4,override_w1,200,1.0,0.0,59.14,10.215
D,[256],500000,4,override_w2,200,1.0,0.0,59.36,10.16
D,[256],500000,4,override_w4,200,1.0,0.0,57.32,10.67
D,[256],500000,4,override_w8,200,1.0,0.0,57.56,10.61
D,[2048],10000,4,standard,200,0.02,0.98,1.54,24.615
D,[2048],10000,4,override_w0,200,0.02,0.98,1.54,24.615
D,[2048],10000,4,override_w1,200,0.015,0.985,1.02,24.745
D,[2048],10000,4,override_w2,200,0.03,0.97,1.56,24.61
D,[2048],10000,4,override_w4,200,0.045,0.96,1.96,24.51
D,[2048],10000,4,override_w8,200,0.06,0.94,2.24,24.44
D,[2048],100000,4,standard,200,0.95,0.05,38.42,15.395
D,[2048],100000,4,override_w0,200,0.95,0.05,38.42,15.395
D,[2048],100000,4,override_w1,200,1.0,0.0,47.52,13.12
D,[2048],100000,4,override_w2,200,0.87,0.13,36.62,15.845
D,[2048],100000,4,override_w4,200,0.99,0.01,51.7,12.075
D,[2048],100000,4,override_w8,200,1.0,0.0,47.56,13.11
D,[2048],500000,4,standard,200,1.0,0.0,50.96,12.26
D,[2048],500000,4,override_w0,200,1.0,0.0,50.96,12.26
D,[2048],500000,4,override_w1,200,1.0,0.0,60.5,9.875
D,[2048],500000,4,override_w2,200,1.0,0.0,60.32,9.92
D,[2048],500000,4,override_w4,200,1.0,0.0,55.28,11.18
D,[2048],500000,4,override_w8,200,1.0,0.0,55.84,11.04
D,[16],10000,5,standard,200,0.01,0.99,0.76,24.81
D,[16],10000,5,override_w0,200,0.01,0.99,0.76,24.81
D,[16],10000,5,override_w1,200,0.015,0.985,1.34,24.665
D,[16],10000,5,override_w2,200,0.015,0.985,1.34,24.665
D,[16],10000,5,override_w4,200,0.015,0.985,1.12,24.72
D,[16],10000,5,override_w8,200,0.015,0.985,0.92,24.77
D,[16],100000,5,standard,200,0.72,0.3,24.6,18.85
D,[16],100000,5,override_w0,200,0.72,0.3,24.6,18.85
D,[16],100000,5,override_w1,200,0.98,0.02,43.36,14.16
D,[16],100000,5,override_w2,200,0.985,0.015,46.4,13.4
D,[16],100000,5,override_w4,200,1.0,0.0,49.0,12.75
D,[16],100000,5,override_w8,200,0.99,0.01,47.8,13.05
D,[16],500000,5,standard,200,1.0,0.0,57.38,10.655
D,[16],500000,5,override_w0,200,1.0,0.0,57.38,10.655
D,[16],500000,5,override_w1,200,1.0,0.0,58.84,10.29
D,[16],500000,5,override_w2,200,1.0,0.0,58.18,10.455
D,[16],500000,5,override_w4,200,1.0,0.0,57.62,10.595
D,[16],500000,5,override_w8,200,1.0,0.0,56.34,10.915
D,[256],10000,5,standard,200,0.01,0.99,0.76,24.81
D,[256],10000,5,override_w0,200,0.01,0.99,0.76,24.81
D,[256],10000,5,override_w1,200,0.02,0.98,1.26,24.685
D,[256],10000,5,override_w2,200,0.03,0.97,2.12,24.47
D,[256],10000,5,override_w4,200,0.045,0.95,2.98,24.755
D,[256],10000,5,override_w8,200,0.05,0.96,2.16,24.46
D,[256],100000,5,standard,200,1.0,0.0,48.1,12.975
D,[256],100000,5,override_w0,200,1.0,0.0,48.1,12.975
D,[256],100000,5,override_w1,200,1.0,0.0,47.52,13.12
D,[256],100000,5,override_w2,200,1.0,0.0,50.5,12.375
D,[256],100000,5,override_w4,200,1.0,0.0,53.36,11.66
D,[256],100000,5,override_w8,200,1.0,0.0,48.96,12.76
D,[256],500000,5,standard,200,1.0,0.0,58.8,10.3
D,[256],500000,5,override_w0,200,1.0,0.0,58.8,10.3
D,[256],500000,5,override_w1,200,1.0,0.0,57.28,10.68
D,[256],500000,5,override_w2,200,1.0,0.0,57.4,10.65
D,[256],500000,5,override_w4,200,1.0,0.0,58.34,10.415
D,[256],500000,5,override_w8,200,0.995,0.005,56.02,10.995
D,[2048],10000,5,standard,200,0.02,0.98,1.46,24.635
D,[2048],10000,5,override_w0,200,0.02,0.98,1.46,24.635
D,[2048],10000,5,override_w1,200,0.03,0.975,1.64,25.09
D,[2048],10000,5,override_w2,200,0.035,0.96,2.18,24.955
D,[2048],10000,5,override_w4,200,0.04,0.955,2.5,24.875
D,[2048],10000,5,override_w8,200,0.05,0.955,2.52,24.87
D,[2048],100000,5,standard,200,0.845,0.155,38.04,15.49
D,[2048],100000,5,override_w0,200,0.845,0.155,38.04,15.49
D,[2048],100000,5,override_w1,200,0.985,0.015,34.92,16.27
D,[2048],100000,5,override_w2,200,0.97,0.03,50.92,12.27
D,[2048],100000,5,override_w4,200,1.0,0.0,53.92,11.52
D,[2048],100000,5,override_w8,200,1.0,0.0,50.24,12.44
D,[2048],500000,5,standard,200,1.0,0.0,58.9,10.275
D,[2048],500000,5,override_w0,200,1.0,0.0,58.9,10.275
D,[2048],500000,5,override_w1,200,1.0,0.0,60.58,9.855
D,[2048],500000,5,override_w2,200,1.0,0.0,54.38,11.405
D,[2048],500000,5,override_w4,200,0.995,0.005,55.68,11.08
D,[2048],500000,5,override_w8,200,1.0,0.0,53.24,11.69
D,[16],10000,6,standard,200,0.01,0.99,0.84,24.79
D,[16],10000,6,override_w0,200,0.01,0.99,0.84,24.79
D,[16],10000,6,override_w1,200,0.015,0.985,0.92,24.77
D,[16],10000,6,override_w2,200,0.01,0.99,0.88,24.78
D,[16],10000,6,override_w4,200,0.01,0.99,0.82,24.795
D,[16],10000,6,override_w8,200,0.025,0.98,0.94,24.765
D,[16],100000,6,standard,200,0.88,0.13,26.4,18.4
D,[16],100000,6,override_w0,200,0.88,0.13,26.4,18.4
D,[16],100000,6,override_w1,200,0.99,0.01,38.04,15.49
D,[16],100000,6,override_w2,200,1.0,0.0,46.32,13.42
D,[16],100000,6,override_w4,200,1.0,0.0,51.14,12.215
D,[16],100000,6,override_w8,200,1.0,0.0,49.5,12.625
D,[16],500000,6,standard,200,1.0,0.0,58.16,10.46
D,[16],500000,6,override_w0,200,1.0,0.0,58.16,10.46
D,[16],500000,6,override_w1,200,0.995,0.005,57.9,10.525
D,[16],500000,6,override_w2,200,1.0,0.0,58.68,10.33
D,[16],500000,6,override_w4,200,1.0,0.0,57.3,10.675
D,[16],500000,6,override_w8,200,1.0,0.0,53.82,11.545
D,[256],10000,6,standard,200,0.02,0.98,1.64,24.59
D,[256],10000,6,override_w0,200,0.02,0.98,1.64,24.59
D,[256],10000,6,override_w1,200,0.025,0.98,1.48,24.63
D,[256],10000,6,override_w2,200,0.015,0.985,1.38,24.655
D,[256],10000,6,override_w4,200,0.035,0.97,1.82,24.545
D,[256],10000,6,override_w8,200,0.09,0.925,2.7,24.325
D,[256],100000,6,standard,200,0.965,0.035,45.48,13.63
D,[256],100000,6,override_w0,200,0.965,0.035,45.48,13.63
D,[256],100000,6,override_w1,200,1.0,0.0,51.32,12.17
D,[256],100000,6,override_w2,200,1.0,0.0,54.28,11.43
D,[256],100000,6,override_w4,200,1.0,0.0,54.02,11.495
D,[256],100000,6,override_w8,200,0.985,0.015,51.22,12.195
D,[256],500000,6,standard,200,1.0,0.0,59.02,10.245
D,[256],500000,6,override_w0,200,1.0,0.0,59.02,10.245
D,[256],500000,6,override_w1,200,1.0,0.0,59.32,10.17
D,[256],500000,6,override_w2,200,1.0,0.0,59.14,10.215
D,[256],500000,6,override_w4,200,0.995,0.005,58.02,10.495
D,[256],500000,6,override_w8,200,1.0,0.0,56.02,10.995
D,[2048],10000,6,standard,200,0.025,0.98,0.98,24.755
D,[2048],10000,6,override_w0,200,0.025,0.98,0.98,24.755
D,[2048],10000,6,override_w1,200,0.025,0.975,1.14,24.715
D,[2048],10000,6,override_w2,200,0.045,0.96,2.38,24.405
D,[2048],10000,6,override_w4,200,0.045,0.95,2.56,24.84
D,[2048],10000,6,override_w8,200,0.115,0.895,3.96,24.01
D,[2048],100000,6,standard,200,0.995,0.005,46.54,13.365
D,[2048],100000,6,override_w0,200,0.995,0.005,46.54,13.365
D,[2048],100000,6,override_w1,200,1.0,0.0,51.6,12.1
D,[2048],100000,6,override_w2,200,1.0,0.0,49.7,12.575
D,[2048],100000,6,override_w4,200,0.995,0.005,51.76,12.06
D,[2048],100000,6,override_w8,200,0.995,0.005,48.58,12.855
D,[2048],500000,6,standard,200,1.0,0.0,57.2,10.7
D,[2048],500000,6,override_w0,200,1.0,0.0,57.2,10.7
D,[2048],500000,6,override_w1,200,1.0,0.0,60.74,9.815
D,[2048],500000,6,override_w2,200,1.0,0.0,60.28,9.93
D,[2048],500000,6,override_w4,200,1.0,0.0,58.72,10.32
D,[2048],500000,6,override_w8,200,1.0,0.0,49.9,12.525
D,[16],10000,7,standard,200,0.015,0.985,0.5,24.875
D,[16],10000,7,override_w0,200,0.015,0.985,0.5,24.875
D,[16],10000,7,override_w1,200,0.02,0.98,1.4,24.65
D,[16],10000,7,override_w2,200,0.02,0.985,1.08,24.73
D,[16],10000,7,override_w4,200,0.01,0.99,0.76,24.81
D,[16],10000,7,override_w8,200,0.02,0.985,1.0,24.75
D,[16],100000,7,standard,200,0.75,0.27,20.36,20.41
D,[16],100000,7,override_w0,200,0.75,0.27,20.36,20.41
D,[16],100000,7,override_w1,200,0.995,0.005,35.74,16.065
D,[16],100000,7,override_w2,200,1.0,0.0,44.58,13.855
D,[16],100000,7,override_w4,200,0.995,0.005,50.26,12.435
D,[16],100000,7,override_w8,200,0.99,0.01,48.14,12.965
D,[16],500000,7,standard,200,1.0,0.0,57.94,10.515
D,[16],500000,7,override_w0,200,1.0,0.0,57.94,10.515
D,[16],500000,7,override_w1,200,1.0,0.0,58.66,10.335
D,[16],500000,7,override_w2,200,1.0,0.0,58.12,10.47
D,[16],500000,7,override_w4,200,1.0,0.0,57.6,10.6
D,[16],500000,7,override_w8,200,1.0,0.0,53.64,11.59
D,[256],10000,7,standard,200,0.025,0.98,1.44,24.64
D,[256],10000,7,override_w0,200,0.025,0.98,1.44,24.64
D,[256],10000,7,override_w1,200,0.01,0.99,0.54,24.865
D,[256],10000,7,override_w2,200,0.015,0.985,0.64,24.84
D,[256],10000,7,override_w4,200,0.02,0.98,0.86,24.785
D,[256],10000,7,override_w8,200,0.02,0.98,0.98,24.755
D,[256],100000,7,standard,200,0.975,0.025,44.52,13.87
D,[256],100000,7,override_w0,200,0.975,0.025,44.52,13.87
D,[256],100000,7,override_w1,200,0.995,0.005,50.76,12.31
D,[256],100000,7,override_w2,200,0.995,0.005,53.22,11.695
D,[256],100000,7,override_w4,200,1.0,0.0,51.04,12.24
D,[256],100000,7,override_w8,200,0.99,0.01,51.38,12.155
D,[256],500000,7,standard,200,1.0,0.0,57.56,10.61
D,[256],500000,7,override_w0,200,1.0,0.0,57.56,10.61
D,[256],500000,7,override_w1,200,1.0,0.0,60.56,9.86
D,[256],500000,7,override_w2,200,1.0,0.0,59.86,10.035
D,[256],500000,7,override_w4,200,1.0,0.0,56.72,10.82
D,[256],500000,7,override_w8,200,1.0,0.0,56.68,10.83
D,[2048],10000,7,standard,200,0.04,0.96,2.42,24.395
D,[2048],10000,7,override_w0,200,0.04,0.96,2.42,24.395
D,[2048],10000,7,override_w1,200,0.01,0.99,0.94,24.765
D,[2048],10000,7,override_w2,200,0.03,0.975,0.92,24.77
D,[2048],10000,7,override_w4,200,0.05,0.95,2.2,24.45
D,[2048],10000,7,override_w8,200,0.06,0.95,1.78,24.555
D,[2048],100000,7,standard,200,1.0,0.0,40.38,14.905
D,[2048],100000,7,override_w0,200,1.0,0.0,40.38,14.905
D,[2048],100000,7,override_w1,200,1.0,0.0,40.56,14.86
D,[2048],100000,7,override_w2,200,0.99,0.01,51.64,12.09
D,[2048],100000,7,override_w4,200,1.0,0.0,53.32,11.67
D,[2048],100000,7,override_w8,200,1.0,0.0,46.9,13.275
D,[2048],500000,7,standard,200,1.0,0.0,58.16,10.46
D,[2048],500000,7,override_w0,200,1.0,0.0,58.16,10.46
D,[2048],500000,7,override_w1,200,1.0,0.0,60.36,9.91
D,[2048],500000,7,override_w2,200,1.0,0.0,60.52,9.87
D,[2048],500000,7,override_w4,200,0.995,0.005,58.84,10.29
D,[2048],500000,7,override_w8,200,1.0,0.0,49.34,12.665
D,[16],10000,8,standard,200,0.01,0.99,0.8,24.8
D,[16],10000,8,override_w0,200,0.01,0.99,0.8,24.8
D,[16],10000,8,override_w1,200,0.01,0.99,0.74,24.815
D,[16],10000,8,override_w2,200,0.02,0.985,1.08,24.73
D,[16],10000,8,override_w4,200,0.02,0.98,1.34,24.665
D,[16],10000,8,override_w8,200,0.035,0.97,1.7,24.575
D,[16],100000,8,standard,200,0.5,0.515,13.58,22.105
D,[16],100000,8,override_w0,200,0.5,0.515,13.58,22.105
D,[16],100000,8,override_w1,200,0.93,0.07,36.74,15.815
D,[16],100000,8,override_w2,200,0.985,0.01,35.4,16.65
D,[16],100000,8,override_w4,200,1.0,0.0,45.84,13.54
D,[16],100000,8,override_w8,200,1.0,0.0,46.16,13.46
D,[16],500000,8,standard,200,1.0,0.0,57.42,10.645
D,[16],500000,8,override_w0,200,1.0,0.0,57.42,10.645
D,[16],500000,8,override_w1,200,1.0,0.0,57.9,10.525
D,[16],500000,8,override_w2,200,1.0,0.0,58.68,10.33
D,[16],500000,8,override_w4,200,1.0,0.0,56.42,10.895
D,[16],500000,8,override_w8,200,1.0,0.0,54.24,11.44
D,[256],10000,8,standard,200,0.025,0.975,1.48,25.13
D,[256],10000,8,override_w0,200,0.025,0.975,1.48,25.13
D,[256],10000,8,override_w1,200,0.02,0.985,0.88,24.78
D,[256],10000,8,override_w2,200,0.01,0.99,0.52,24.87
D,[256],10000,8,override_w4,200,0.065,0.945,1.82,24.545
D,[256],10000,8,override_w8,200,0.06,0.95,1.88,24.53
D,[256],100000,8,standard,200,1.0,0.0,40.92,14.77
D,[256],100000,8,override_w0,200,1.0,0.0,40.92,14.77
D,[256],100000,8,override_w1,200,1.0,0.0,49.54,12.615
D,[256],100000,8,override_w2,200,1.0,0.0,53.7,11.575
D,[256],100000,8,override_w4,200,0.985,0.015,45.32,13.67
D,[256],100000,8,override_w8,200,1.0,0.0,51.08,12.23
D,[256],500000,8,standard,200,0.995,0.005,57.62,10.595
D,[256],500000,8,override_w0,200,0.995,0.005,57.62,10.595
D,[256],500000,8,override_w1,200,1.0,0.0,59.24,10.19
D,[256],500000,8,override_w2,200,1.0,0.0,57.92,10.52
D,[256],500000,8,override_w4,200,1.0,0.0,57.22,10.695
D,[256],500000,8,override_w8,200,1.0,0.0,56.34,10.915
D,[2048],10000,8,standard,200,0.01,0.99,0.96,24.76
D,[2048],10000,8,override_w0,200,0.01,0.99,0.96,24.76
D,[2048],10000,8,override_w1,200,0.04,0.96,1.8,24.55
D,[2048],10000,8,override_w2,200,0.065,0.935,2.64,24.34
D,[2048],10000,8,override_w4,200,0.1,0.91,3.52,24.12
D,[2048],10000,8,override_w8,200,0.12,0.89,3.98,24.005
D,[2048],100000,8,standard,200,0.96,0.04,47.0,13.25
D,[2048],100000,8,override_w0,200,0.96,0.04,47.0,13.25
D,[2048],100000,8,override_w1,200,0.99,0.01,50.68,12.33
D,[2048],100000,8,override_w2,200,0.995,0.005,47.64,13.09
D,[2048],100000,8,override_w4,200,1.0,0.0,42.18,14.455
D,[2048],100000,8,override_w8,200,1.0,0.0,48.26,12.935
D,[2048],500000,8,standard,200,1.0,0.0,60.48,9.88
D,[2048],500000,8,override_w0,200,1.0,0.0,60.48,9.88
D,[2048],500000,8,override_w1,200,1.0,0.0,58.76,10.31
D,[2048],500000,8,override_w2,200,1.0,0.0,56.58,10.855
D,[2048],500000,8,override_w4,200,0.935,0.065,44.24,13.94
D,[2048],500000,8,override_w8,200,1.0,0.005,53.8,11.55
D,[16],10000,9,standard,200,0.02,0.98,1.5,24.625
D,[16],10000,9,override_w0,200,0.02,0.98,1.5,24.625
D,[16],10000,9,override_w1,200,0.02,0.98,1.46,24.635
D,[16],10000,9,override_w2,200,0.015,0.985,1.32,24.67
D,[16],10000,9,override_w4,200,0.02,0.98,1.44,24.64
D,[16],10000,9,override_w8,200,0.015,0.985,1.1,24.725
D,[16],100000,9,standard,200,0.44,0.595,10.56,22.86
D,[16],100000,9,override_w0,200,0.44,0.595,10.56,22.86
D,[16],100000,9,override_w1,200,0.945,0.055,37.66,15.585
D,[16],100000,9,override_w2,200,0.985,0.015,46.84,13.29
D,[16],100000,9,override_w4,200,0.99,0.015,46.8,13.3
D,[16],100000,9,override_w8,200,1.0,0.005,44.28,13.93
D,[16],500000,9,standard,200,1.0,0.0,57.56,10.61
D,[16],500000,9,override_w0,200,1.0,0.0,57.56,10.61
D,[16],500000,9,override_w1,200,0.995,0.005,57.84,10.54
D,[16],500000,9,override_w2,200,0.99,0.01,58.08,10.48
D,[16],500000,9,override_w4,200,1.0,0.0,57.34,10.665
D,[16],500000,9,override_w8,200,1.0,0.0,54.48,11.38
D,[256],10000,9,standard,200,0.01,0.99,0.88,24.78
D,[256],10000,9,override_w0,200,0.01,0.99,0.88,24.78
D,[256],10000,9,override_w1,200,0.015,0.985,1.4,24.65
D,[256],10000,9,override_w2,200,0.03,0.97,1.7,24.575
D,[256],10000,9,override_w4,200,0.045,0.96,1.64,24.59
D,[256],10000,9,override_w8,200,0.07,0.935,3.08,24.23
D,[256],100000,9,standard,200,1.0,0.0,48.32,12.92
D,[256],100000,9,override_w0,200,1.0,0.0,48.32,12.92
D,[256],100000,9,override_w1,200,1.0,0.0,53.78,11.555
D,[256],100000,9,override_w2,200,0.995,0.005,52.32,11.92
D,[256],100000,9,override_w4,200,0.98,0.02,54.4,11.4
D,[256],100000,9,override_w8,200,0.97,0.03,49.54,12.615
D,[256],500000,9,standard,200,1.0,0.0,59.1,10.225
D,[256],500000,9,override_w0,200,1.0,0.0,59.1,10.225
D,[256],500000,9,override_w1,200,0.985,0.015,59.02,10.245
D,[256],500000,9,override_w2,200,0.99,0.01,58.7,10.325
D,[256],500000,9,override_w4,200,1.0,0.0,58.32,10.42
D,[256],500000,9,override_w8,200,1.0,0.0,56.24,10.94
D,[2048],10000,9,standard,200,0.015,0.985,0.76,24.81
D,[2048],10000,9,override_w0,200,0.015,0.985,0.76,24.81
D,[2048],10000,9,override_w1,200,0.04,0.96,2.48,24.38
D,[2048],10000,9,override_w2,200,0.035,0.975,1.62,24.595
D,[2048],10000,9,override_w4,200,0.08,0.92,2.88,24.28
D,[2048],10000,9,override_w8,200,0.095,0.915,2.88,24.28
D,[2048],100000,9,standard,200,0.985,0.015,43.0,14.25
D,[2048],100000,9,override_w0,200,0.985,0.015,43.0,14.25
D,[2048],100000,9,override_w1,200,0.96,0.04,46.68,13.33
D,[2048],100000,9,override_w2,200,1.0,0.0,50.86,12.285
D,[2048],100000,9,override_w4,200,0.96,0.04,48.5,12.875
D,[2048],100000,9,override_w8,200,0.995,0.005,52.58,11.855
D,[2048],500000,9,standard,200,1.0,0.0,60.34,9.915
D,[2048],500000,9,override_w0,200,1.0,0.0,60.34,9.915
D,[2048],500000,9,override_w1,200,0.995,0.005,60.48,9.88
D,[2048],500000,9,override_w2,200,1.0,0.0,60.86,9.785
D,[2048],500000,9,override_w4,200,1.0,0.0,56.3,10.925
D,[2048],500000,9,override_w8,200,1.0,0.0,55.06,11.235
